"Name","Rank","Superkingdom","Kingdom","Phylum","Class","Order","Family","Genus","Species","LFQ intensity DMSO1","LFQ intensity DMSO2","LFQ intensity DMSO3","LFQ intensity Diclofenac1","LFQ intensity Diclofenac2","LFQ intensity Diclofenac3"
"Bacteria","Superkingdom","Bacteria","","","","","","","","3.11698243E11","3.1484082436E11","3.1314017166E11","2.938954647E11","2.9997855709E11","2.8648357844E11"
"Coriobacteriales","Order","Bacteria","","Actinobacteria","Coriobacteriia","Coriobacteriales","","","","1.992282568E10","2.291570531E10","1.95168144E10","2.242880947E10","2.31166247E10","2.29171022E10"
"Coriobacteriia","Class","Bacteria","","Actinobacteria","Coriobacteriia","","","","","2.249729788E10","2.539593191E10","2.269026594E10","2.308423477E10","2.3733813E10","2.34912829E10"
"Afipia","Genus","Bacteria","","Proteobacteria","Alphaproteobacteria","Rhizobiales","Bradyrhizobiaceae","Afipia","","0.0","3.188E7","3.7845E7","2.3559E7","2.0423E7","1.7788E7"
"Oribacterium sinus","Species","Bacteria","","Firmicutes","Clostridia","Clostridiales","Lachnospiraceae","Oribacterium","Oribacterium sinus","1.8572E7","3.6379E7","2.595E7","1.466E7","0.0","2.6855E7"
"Dialister","Genus","Bacteria","","Firmicutes","Negativicutes","Veillonellales","Veillonellaceae","Dialister","","1.2173E8","1.7991E8","1.3753E8","7.6543E7","1.9446E8","6.2063E7"
"Bifidobacteriales","Order","Bacteria","","Actinobacteria","Actinobacteria","Bifidobacteriales","","","","7.239285E8","7.417632E8","6.916405E8","9.669771E8","8.693909E8","7.949001E8"
"Oscillibacter","Genus","Bacteria","","Firmicutes","Clostridia","Clostridiales","Oscillospiraceae","Oscillibacter","","3.501425E8","2.976113E8","2.471944E8","1.109935E8","1.587819E8","9.02937E7"
"Corynebacteriales","Order","Bacteria","","Actinobacteria","Actinobacteria","Corynebacteriales","","","","2.6285E7","2.4125E7","2.8789E7","3.282E7","2.6767E7","2.9678E7"
"Streptomycetaceae","Family","Bacteria","","Actinobacteria","Actinobacteria","Streptomycetales","Streptomycetaceae","","","5.1659E7","5.2552E7","6.6742E7","4.0023E7","3.9946E7","1.0842E8"
"Streptomycetales","Order","Bacteria","","Actinobacteria","Actinobacteria","Streptomycetales","","","","5.1659E7","5.2552E7","6.6742E7","4.0023E7","3.9946E7","1.0842E8"
"Bacteroides pyogenes","Species","Bacteria","","Bacteroidetes","Bacteroidia","Bacteroidales","Bacteroidaceae","Bacteroides","Bacteroides pyogenes","0.0","1.1999E7","9869600.0","1.1018E7","0.0","1.1085E7"
"Hyphomonadaceae","Family","Bacteria","","Proteobacteria","Alphaproteobacteria","Rhodobacterales","Hyphomonadaceae","","","0.0","0.0","0.0","0.0","2.7878E7","3.3799E7"
"Dietzia","Genus","Bacteria","","Actinobacteria","Actinobacteria","Corynebacteriales","Dietziaceae","Dietzia","","2.6285E7","2.4125E7","2.8789E7","3.282E7","2.6767E7","2.9678E7"
"Bacteroides plebeius","Species","Bacteria","","Bacteroidetes","Bacteroidia","Bacteroidales","Bacteroidaceae","Bacteroides","Bacteroides plebeius","4447400.0","5752700.0","4260000.0","8103600.0","0.0","0.0"
"Bacteroides coprocola","Species","Bacteria","","Bacteroidetes","Bacteroidia","Bacteroidales","Bacteroidaceae","Bacteroides","Bacteroides coprocola","1.42527E7","0.0","0.0","5047400.0","4677700.0","0.0"
"Cutaneotrichosporon","Genus","Eukaryota","Fungi","Basidiomycota","Tremellomycetes","Trichosporonales","Trichosporonaceae","Cutaneotrichosporon","","0.0","1913500.0","0.0","1.161E7","1.4561E7","7772000.0"
"Dietziaceae","Family","Bacteria","","Actinobacteria","Actinobacteria","Corynebacteriales","Dietziaceae","","","2.6285E7","2.4125E7","2.8789E7","3.282E7","2.6767E7","2.9678E7"
"Mycoplasmatales","Order","Bacteria","","Tenericutes","Mollicutes","Mycoplasmatales","","","","1.3929E7","0.0","1.9432E7","0.0","0.0","0.0"
"Mycoplasmataceae","Family","Bacteria","","Tenericutes","Mollicutes","Mycoplasmatales","Mycoplasmataceae","","","1.3929E7","0.0","1.9432E7","0.0","0.0","0.0"
"Coscinodiscophyceae","Class","Eukaryota","","Bacillariophyta","Coscinodiscophyceae","","","","","3.804E7","4.1594E7","3.3757E7","4.1237E7","4.4349E7","4.1938E7"
"Mycoplasma","Genus","Bacteria","","Tenericutes","Mollicutes","Mycoplasmatales","Mycoplasmataceae","Mycoplasma","","1.3929E7","0.0","1.9432E7","0.0","0.0","0.0"
"Flavonifractor","Genus","Bacteria","","Firmicutes","Clostridia","Clostridiales","","Flavonifractor","","3.43639E7","3.98556E7","3.03288E7","3.84068E7","3.73772E7","3.68108E7"
"Thalassiosirales","Order","Eukaryota","","Bacillariophyta","Coscinodiscophyceae","Thalassiosirales","","","","3.804E7","4.1594E7","3.3757E7","4.1237E7","4.4349E7","4.1938E7"
"Clostridioides","Genus","Bacteria","","Firmicutes","Clostridia","Clostridiales","Peptostreptococcaceae","Clostridioides","","2.1474E7","2.6533E7","1.079E7","0.0","0.0","0.0"
"[Clostridium] hiranonis","Species","Bacteria","","Firmicutes","Clostridia","Clostridiales","Peptostreptococcaceae","","[Clostridium] hiranonis","0.0","0.0","0.0","9674100.0","1.1587E7","1.1363E7"
"Camponotus","Genus","Eukaryota","Metazoa","Arthropoda","Insecta","Hymenoptera","Formicidae","Camponotus","","1.0369E7","9036000.0","1.0415E7","1.9037E7","1.8631E7","1.2949E7"
"Trichosporonales","Order","Eukaryota","Fungi","Basidiomycota","Tremellomycetes","Trichosporonales","","","","0.0","1913500.0","0.0","1.161E7","1.4561E7","7772000.0"
"Basidiomycota","Phylum","Eukaryota","Fungi","Basidiomycota","","","","","","5895500.0","1.02455E7","5384600.0","4.3625E7","1.4561E7","4.3209E7"
"Blautia","Genus","Bacteria","","Firmicutes","Clostridia","Clostridiales","Lachnospiraceae","Blautia","","2.2475935E9","2.151612E9","1.9678929E9","2.2343194E9","2.5307738E9","2.7700453E9"
"Nematoda","Phylum","Eukaryota","Metazoa","Nematoda","","","","","","0.0","0.0","0.0","0.0","0.0","0.0"
"Estrella lausannensis","Species","Bacteria","","Chlamydiae","Chlamydiia","Chlamydiales","Criblamydiaceae","Estrella","Estrella lausannensis","1.1832E7","1.8057E7","1.4908E7","0.0","0.0","0.0"
"Chloroflexi","Phylum","Bacteria","","Chloroflexi","","","","","","0.0","0.0","0.0","0.0","0.0","0.0"
"Estrella","Genus","Bacteria","","Chlamydiae","Chlamydiia","Chlamydiales","Criblamydiaceae","Estrella","","1.1832E7","1.8057E7","1.4908E7","0.0","0.0","0.0"
"Chlamydiales","Order","Bacteria","","Chlamydiae","Chlamydiia","Chlamydiales","","","","1.1832E7","1.8057E7","1.4908E7","0.0","0.0","0.0"
"Cyanobacteria","Phylum","Bacteria","","Cyanobacteria","","","","","","0.0","0.0","0.0","0.0","3.4158E7","2.6104E7"
"Synechococcales","Order","Bacteria","","Cyanobacteria","","Synechococcales","","","","0.0","0.0","0.0","0.0","3.4158E7","2.6104E7"
"Synechococcaceae","Family","Bacteria","","Cyanobacteria","","Synechococcales","Synechococcaceae","","","0.0","0.0","0.0","0.0","3.4158E7","2.6104E7"
"Ascaridida","Order","Eukaryota","Metazoa","Nematoda","Chromadorea","Ascaridida","","","","0.0","0.0","0.0","0.0","0.0","0.0"
"Ascarididae","Family","Eukaryota","Metazoa","Nematoda","Chromadorea","Ascaridida","Ascarididae","","","0.0","0.0","0.0","0.0","0.0","0.0"
"Alistipes shahii","Species","Bacteria","","Bacteroidetes","Bacteroidia","Bacteroidales","Rikenellaceae","Alistipes","Alistipes shahii","6.39215E7","6.71586E7","7.04522E7","4.2166E7","2.10889E7","1.2774E7"
"Ascaris","Genus","Eukaryota","Metazoa","Nematoda","Chromadorea","Ascaridida","Ascarididae","Ascaris","","0.0","0.0","0.0","0.0","0.0","0.0"
"Archaea","Superkingdom","Archaea","","","","","","","","1.758133E8","1.5417E8","1.391466E8","1.7451E8","1.922E8","2.0815E8"
"Ascaris suum","Species","Eukaryota","Metazoa","Nematoda","Chromadorea","Ascaridida","Ascarididae","Ascaris","Ascaris suum","0.0","0.0","0.0","0.0","0.0","0.0"
"Planctomycetales","Order","Bacteria","","Planctomycetes","Planctomycetia","Planctomycetales","","","","1831300.0","8.7016E7","0.0","4.5036E7","3.238E7","7.141E7"
"Desulfovibrionales","Order","Bacteria","","Proteobacteria","Deltaproteobacteria","Desulfovibrionales","","","","9.29603E7","5.205314E8","5.482938E8","1.580659E8","1.3584E8","1.036168E8"
"Bacteroides intestinalis","Species","Bacteria","","Bacteroidetes","Bacteroidia","Bacteroidales","Bacteroidaceae","Bacteroides","Bacteroides intestinalis","3.23732E7","3.91672E7","3.81255E7","9218500.0","3515200.0","3725800.0"
"Pirellula","Genus","Bacteria","","Planctomycetes","Planctomycetia","Planctomycetales","Planctomycetaceae","Pirellula","","0.0","8.7016E7","0.0","4.5036E7","3.238E7","5.2436E7"
"Megamonas","Genus","Bacteria","","Firmicutes","Negativicutes","Selenomonadales","Selenomonadaceae","Megamonas","","0.0","0.0","5006100.0","6248800.0","5050600.0","4654100.0"
"Pirellula staleyi","Species","Bacteria","","Planctomycetes","Planctomycetia","Planctomycetales","Planctomycetaceae","Pirellula","Pirellula staleyi","0.0","8.7016E7","0.0","4.5036E7","3.238E7","5.2436E7"
"Planctomycetaceae","Family","Bacteria","","Planctomycetes","Planctomycetia","Planctomycetales","Planctomycetaceae","","","1831300.0","8.7016E7","0.0","4.5036E7","3.238E7","7.141E7"
"Spirochaetales","Order","Bacteria","","Spirochaetes","Spirochaetia","Spirochaetales","","","","2.12089E7","2.33445E7","3.13659E7","2.2248E7","1.3162E7","1.6667E7"
"Spirochaetaceae","Family","Bacteria","","Spirochaetes","Spirochaetia","Spirochaetales","Spirochaetaceae","","","2.12089E7","2.33445E7","3.13659E7","2.2248E7","1.3162E7","1.6667E7"
"Serendipita indica","Species","Eukaryota","Fungi","Basidiomycota","Agaricomycetes","Sebacinales","","Serendipita","Serendipita indica","5895500.0","8332000.0","5384600.0","3.2015E7","0.0","3.5437E7"
"Coriobacteriaceae","Family","Bacteria","","Actinobacteria","Coriobacteriia","Coriobacteriales","Coriobacteriaceae","","","1.74203519E10","2.051279751E10","1.78503369E10","2.027376187E10","2.0492443E10","2.08897471E10"
"Alistipes","Genus","Bacteria","","Bacteroidetes","Bacteroidia","Bacteroidales","Rikenellaceae","Alistipes","","6.2200775E8","6.5067622E8","4.84899E8","2.319064E8","2.5453299E8","2.3793349E8"
"Slackia","Genus","Bacteria","","Actinobacteria","Coriobacteriia","Eggerthellales","Eggerthellaceae","Slackia","","0.0","1.6544E7","0.0","0.0","3.3943E7","3.3965E7"
"Eggerthella","Genus","Bacteria","","Actinobacteria","Coriobacteriia","Eggerthellales","Eggerthellaceae","Eggerthella","","3.527599E8","3.382307E8","3.76052E8","9.672E7","9.27909E7","6.67455E7"
"Bacillus sporothermodurans","Species","Bacteria","","Firmicutes","Bacilli","Bacillales","Bacillaceae","Bacillus","Bacillus sporothermodurans","0.0","7917100.0","1.0173E7","0.0","0.0","0.0"
"Eggerthella lenta","Species","Bacteria","","Actinobacteria","Coriobacteriia","Eggerthellales","Eggerthellaceae","Eggerthella","Eggerthella lenta","3.92667E7","4.33755E7","5.45331E7","2.60069E7","1.50424E7","1951200.0"
"Gordonibacter pamelaeae","Species","Bacteria","","Actinobacteria","Coriobacteriia","Eggerthellales","Eggerthellaceae","Gordonibacter","Gordonibacter pamelaeae","8.548015E8","7.135923E8","9.225244E8","3.10132E7","6.32914E7","5.02918E7"
"Aggregatibacter","Genus","Bacteria","","Proteobacteria","Gammaproteobacteria","Pasteurellales","Pasteurellaceae","Aggregatibacter","","0.0","0.0","1.2957E7","0.0","0.0","0.0"
"Ruminococcus lactaris","Species","Bacteria","","Firmicutes","Clostridia","Clostridiales","Ruminococcaceae","Ruminococcus","Ruminococcus lactaris","3.49877E7","3.02736E7","2.91946E7","3.64921E7","1.68191E7","1.75801E8"
"Lactobacillus curieae","Species","Bacteria","","Firmicutes","Bacilli","Lactobacillales","Lactobacillaceae","Lactobacillus","Lactobacillus curieae","0.0","0.0","0.0","0.0","4.4646E8","0.0"
"Succinatimonas","Genus","Bacteria","","Proteobacteria","Gammaproteobacteria","Aeromonadales","Succinivibrionaceae","Succinatimonas","","1.73356E8","1.741465E8","1.703597E8","1.374095E8","1.291934E8","1.605483E8"
"Treponema","Genus","Bacteria","","Spirochaetes","Spirochaetia","Spirochaetales","Spirochaetaceae","Treponema","","2.12089E7","2.33445E7","3.13659E7","2.2248E7","1.3162E7","1.6667E7"
"Treponema saccharophilum","Species","Bacteria","","Spirochaetes","Spirochaetia","Spirochaetales","Spirochaetaceae","Treponema","Treponema saccharophilum","6483900.0","6860500.0","5857900.0","0.0","0.0","0.0"
"Lactobacillaceae","Family","Bacteria","","Firmicutes","Bacilli","Lactobacillales","Lactobacillaceae","","","2.90745E7","1.84956E7","2.64762E7","6635600.0","5.385787E8","6.82188E7"
"Treponema succinifaciens","Species","Bacteria","","Spirochaetes","Spirochaetia","Spirochaetales","Spirochaetaceae","Treponema","Treponema succinifaciens","1.4725E7","1.6484E7","2.5508E7","2.2248E7","1.3162E7","1.6667E7"
"Erysipelotrichia","Class","Bacteria","","Firmicutes","Erysipelotrichia","","","","","1.917052E8","1.7021462E8","1.305897E8","2.660608E8","3.481446E8","2.597401E8"
"Erysipelotrichales","Order","Bacteria","","Firmicutes","Erysipelotrichia","Erysipelotrichales","","","","1.917052E8","1.7021462E8","1.305897E8","2.660608E8","3.481446E8","2.597401E8"
"Nitrosopumilales","Order","Archaea","","Thaumarchaeota","","Nitrosopumilales","","","","1.7043E8","1.4847E8","1.3188E8","1.7451E8","1.922E8","2.0815E8"
"[Clostridium] clariflavum","Species","Bacteria","","Firmicutes","Clostridia","Clostridiales","Ruminococcaceae","Ruminiclostridium","[Clostridium] clariflavum","1.92806E7","2.6269E7","1.325E7","9629600.0","4566200.0","1.1015E7"
"Adlercreutzia equolifaciens","Species","Bacteria","","Actinobacteria","Coriobacteriia","Eggerthellales","Eggerthellaceae","Adlercreutzia","Adlercreutzia equolifaciens","5.9208E7","3.60287E7","4.21834E7","9279000.0","6900000.0","5162100.0"
"Cryptobacterium curtum","Species","Bacteria","","Actinobacteria","Coriobacteriia","Eggerthellales","Eggerthellaceae","Cryptobacterium","Cryptobacterium curtum","8304400.0","8548000.0","1.4707E7","0.0","0.0","0.0"
"Campylobacter","Genus","Bacteria","","Proteobacteria","Epsilonproteobacteria","Campylobacterales","Campylobacteraceae","Campylobacter","","4817900.0","1.077E7","0.0","0.0","0.0","0.0"
"Cryptobacterium","Genus","Bacteria","","Actinobacteria","Coriobacteriia","Eggerthellales","Eggerthellaceae","Cryptobacterium","","8304400.0","8548000.0","1.4707E7","0.0","0.0","0.0"
"Blautia hydrogenotrophica","Species","Bacteria","","Firmicutes","Clostridia","Clostridiales","Lachnospiraceae","Blautia","Blautia hydrogenotrophica","4.8798E7","3.573E7","3.9395E7","3.4693E7","3.2818E7","4.1678E7"
"Burkholderiales bacterium YL45","Species","Bacteria","","Proteobacteria","Betaproteobacteria","Burkholderiales","","","Burkholderiales bacterium YL45","1.101545E8","1.29867E8","5.05263E7","2.099291E8","3.054211E8","2.446195E8"
"Cutaneotrichosporon oleaginosus","Species","Eukaryota","Fungi","Basidiomycota","Tremellomycetes","Trichosporonales","Trichosporonaceae","Cutaneotrichosporon","Cutaneotrichosporon oleaginosus","0.0","1913500.0","0.0","1.161E7","1.4561E7","7772000.0"
"Proteobacteria","Phylum","Bacteria","","Proteobacteria","","","","","","1.621722433E10","1.626719357E10","1.82849507E10","7.218667823E10","7.07321948E10","5.677219322E10"
"Trichosporonaceae","Family","Eukaryota","Fungi","Basidiomycota","Tremellomycetes","Trichosporonales","Trichosporonaceae","","","0.0","1913500.0","0.0","1.161E7","1.4561E7","7772000.0"
"Lachnoclostridium sp. YL32","Species","Bacteria","","Firmicutes","Clostridia","Clostridiales","Lachnospiraceae","Lachnoclostridium","Lachnoclostridium sp. YL32","0.0","0.0","0.0","2.7395E7","0.0","9246400.0"
"Bifidobacteriaceae","Family","Bacteria","","Actinobacteria","Actinobacteria","Bifidobacteriales","Bifidobacteriaceae","","","7.239285E8","7.417632E8","6.916405E8","9.669771E8","8.693909E8","7.949001E8"
"Helicobacter","Genus","Bacteria","","Proteobacteria","Epsilonproteobacteria","Campylobacterales","Helicobacteraceae","Helicobacter","","4.9813E7","5.3224E7","3.9214E7","3.8572E7","5.6536E7","4.5603E7"
"Enterobacterales","Order","Bacteria","","Proteobacteria","Gammaproteobacteria","Enterobacterales","","","","3.04760694E9","2.83993864E9","3.4871564E9","3.53692945E10","2.947787746E10","2.144595922E10"
"Gammaproteobacteria","Class","Bacteria","","Proteobacteria","Gammaproteobacteria","","","","","3.5742133E9","3.40930369E9","4.0343565E9","3.943655104E10","3.4381709E10","2.393854282E10"
"Thermotogae","Phylum","Bacteria","","Thermotogae","","","","","","1.3291E7","0.0","0.0","1.3442E7","8579100.0","1.49438E7"
"Lachnospiraceae bacterium 1_4_56FAA","Species","Bacteria","","Firmicutes","Clostridia","Clostridiales","Lachnospiraceae","","Lachnospiraceae bacterium 1_4_56FAA","0.0","0.0","7462300.0","9768700.0","7499600.0","9237400.0"
"Firmicutes","Phylum","Bacteria","","Firmicutes","","","","","","1.10429446E11","1.0787449572E11","1.0743495184E11","1.1868104869E11","1.2075656509E11","1.1896817309E11"
"Paenibacillus","Genus","Bacteria","","Firmicutes","Bacilli","Bacillales","Paenibacillaceae","Paenibacillus","","1.96305E7","1.5546E7","1.5396E7","2.2148E7","1.5986E7","2.10934E7"
"Euryarchaeota","Phylum","Archaea","","Euryarchaeota","","","","","","5383300.0","5700000.0","7266600.0","0.0","0.0","0.0"
"Leuconostoc","Genus","Bacteria","","Firmicutes","Bacilli","Lactobacillales","Leuconostocaceae","Leuconostoc","","5.0924E7","5.1725E7","4.8412E7","6.359E7","4.7224E7","7.3978E7"
"Ruminococcus sp. DSM 100440","Species","Bacteria","","Firmicutes","Clostridia","Clostridiales","Ruminococcaceae","Ruminococcus","Ruminococcus sp. DSM 100440","2.1589E7","0.0","1.6024E7","0.0","0.0","0.0"
"Mollicutes","Class","Bacteria","","Tenericutes","Mollicutes","","","","","1.3929E7","0.0","1.9432E7","0.0","0.0","0.0"
"Alloprevotella","Genus","Bacteria","","Bacteroidetes","Bacteroidia","Bacteroidales","Prevotellaceae","Alloprevotella","","0.0","0.0","0.0","0.0","0.0","0.0"
"[Eubacterium] dolichum","Species","Bacteria","","Firmicutes","Erysipelotrichia","Erysipelotrichales","Erysipelotrichaceae","","[Eubacterium] dolichum","5.4048E7","5.7172E7","4.2567E7","4.31146E7","5.17613E7","7.26438E7"
"Hymenoptera","Order","Eukaryota","Metazoa","Arthropoda","Insecta","Hymenoptera","","","","1.0369E7","9036000.0","1.0415E7","1.9037E7","1.8631E7","1.2949E7"
"Veillonellaceae","Family","Bacteria","","Firmicutes","Negativicutes","Veillonellales","Veillonellaceae","","","1.711073E8","2.320794E8","1.907125E8","9.92362E7","2.300754E8","9.53748E7"
"Peptostreptococcus","Genus","Bacteria","","Firmicutes","Clostridia","Clostridiales","Peptostreptococcaceae","Peptostreptococcus","","1.96143E7","1.1426E7","2.10614E7","1.4906E7","5140300.0","9982600.0"
"Erysipelotrichaceae bacterium 3_1_53","Species","Bacteria","","Firmicutes","Erysipelotrichia","Erysipelotrichales","Erysipelotrichaceae","","Erysipelotrichaceae bacterium 3_1_53","5333000.0","1.1044E7","7850800.0","2.7777E7","3.1583E7","2.625E7"
"Clostridiaceae","Family","Bacteria","","Firmicutes","Clostridia","Clostridiales","Clostridiaceae","","","2.92319735E9","2.92171584E9","3.33358556E9","2.21603883E9","1.9480234E9","2.3730016E9"
"Peptostreptococcus anaerobius","Species","Bacteria","","Firmicutes","Clostridia","Clostridiales","Peptostreptococcaceae","Peptostreptococcus","Peptostreptococcus anaerobius","1.1012E7","1.1426E7","1.1318E7","1.4906E7","5140300.0","9982600.0"
"Clostridium sp. D5","Species","Bacteria","","Firmicutes","Clostridia","Clostridiales","Clostridiaceae","Clostridium","Clostridium sp. D5","2.43298E7","1.9304E7","1.6431E7","4962100.0","0.0","0.0"
"Flavobacterium","Genus","Bacteria","","Bacteroidetes","Flavobacteriia","Flavobacteriales","Flavobacteriaceae","Flavobacterium","","0.0","0.0","0.0","0.0","0.0","1.698E7"
"Ruminococcus","Genus","Bacteria","","Firmicutes","Clostridia","Clostridiales","Ruminococcaceae","Ruminococcus","","1.4736199E9","1.31329525E9","1.5528023E9","7.270999E8","7.477731E8","8.483461E8"
"Lachnoclostridium","Genus","Bacteria","","Firmicutes","Clostridia","Clostridiales","Lachnospiraceae","Lachnoclostridium","","4.1446E7","5.52966E7","5.65973E7","5.06937E7","4.69387E7","5.12678E7"
"Ruminococcus albus","Species","Bacteria","","Firmicutes","Clostridia","Clostridiales","Ruminococcaceae","Ruminococcus","Ruminococcus albus","3365100.0","2050400.0","5134200.0","5500100.0","5041700.0","0.0"
"Roseburia hominis","Species","Bacteria","","Firmicutes","Clostridia","Clostridiales","Lachnospiraceae","Roseburia","Roseburia hominis","1.07754E7","1.53727E7","1.30499E7","1.5737E7","1.3853E7","0.0"
"Ruminococcus flavefaciens","Species","Bacteria","","Firmicutes","Clostridia","Clostridiales","Ruminococcaceae","Ruminococcus","Ruminococcus flavefaciens","1.0959E7","1.3287E7","1.7543E7","7828300.0","5788300.0","8084500.0"
"Acidobacteria bacterium DSM 100886","Species","Bacteria","","Acidobacteria","","","","","Acidobacteria bacterium DSM 100886","0.0","0.0","0.0","0.0","0.0","0.0"
"Succinatimonas hippei","Species","Bacteria","","Proteobacteria","Gammaproteobacteria","Aeromonadales","Succinivibrionaceae","Succinatimonas","Succinatimonas hippei","1.73356E8","1.741465E8","1.703597E8","1.318542E8","1.24321E8","1.605483E8"
"Phascolarctobacterium succinatutens","Species","Bacteria","","Firmicutes","Negativicutes","Acidaminococcales","Acidaminococcaceae","Phascolarctobacterium","Phascolarctobacterium succinatutens","4.36585E7","3.9454E7","3.932E7","3.34223E7","2.73656E7","2.68269E7"
"Rhodobacteraceae","Family","Bacteria","","Proteobacteria","Alphaproteobacteria","Rhodobacterales","Rhodobacteraceae","","","1.0581E7","1.2693E7","1.0198E7","0.0","9430900.0","0.0"
"Bacteroides clarus","Species","Bacteria","","Bacteroidetes","Bacteroidia","Bacteroidales","Bacteroidaceae","Bacteroides","Bacteroides clarus","4091500.0","5144700.0","4041000.0","0.0","0.0","0.0"
"Bacteroides fluxus","Species","Bacteria","","Bacteroidetes","Bacteroidia","Bacteroidales","Bacteroidaceae","Bacteroides","Bacteroides fluxus","1.0106E7","0.0","8596600.0","0.0","0.0","0.0"
"Alistipes indistinctus","Species","Bacteria","","Bacteroidetes","Bacteroidia","Bacteroidales","Rikenellaceae","Alistipes","Alistipes indistinctus","1.1824E7","1.4065E7","8502200.0","1.2143E7","0.0","0.0"
"Collinsella tanakaei","Species","Bacteria","","Actinobacteria","Coriobacteriia","Coriobacteriales","Coriobacteriaceae","Collinsella","Collinsella tanakaei","1.200428E8","7.59637E7","9.33348E7","8.94425E7","8.1599E7","4.8763E7"
"Peptoclostridium","Genus","Bacteria","","Firmicutes","Clostridia","Clostridiales","Peptostreptococcaceae","Peptoclostridium","","7.6164E7","7.4793E7","4.9489E7","4.7681E7","4.4184E7","5.1376E7"
"Anaerobium","Genus","Bacteria","","Firmicutes","Clostridia","Clostridiales","Lachnospiraceae","Anaerobium","","1.8792E7","1.8554E7","1.5619E7","1.7752E7","1.884E7","2.263E7"
"Slackia piriformis","Species","Bacteria","","Actinobacteria","Coriobacteriia","Eggerthellales","Eggerthellaceae","Slackia","Slackia piriformis","0.0","1.6544E7","0.0","0.0","3.3943E7","3.3965E7"
"Phascolarctobacterium","Genus","Bacteria","","Firmicutes","Negativicutes","Acidaminococcales","Acidaminococcaceae","Phascolarctobacterium","","2.35394757E9","2.45241083E9","2.3028266E9","1.6945749E9","1.1772459E9","1.2061444E9"
"Acetivibrio ethanolgignens","Species","Bacteria","","Firmicutes","Clostridia","Clostridiales","Ruminococcaceae","Acetivibrio","Acetivibrio ethanolgignens","7612100.0","1.154E7","7622100.0","0.0","0.0","0.0"
"Bacteroides helcogenes","Species","Bacteria","","Bacteroidetes","Bacteroidia","Bacteroidales","Bacteroidaceae","Bacteroides","Bacteroides helcogenes","5.814E7","7.4902E7","5.3972E7","8965900.0","1.0814E7","1.4478E7"
"Tyzzerella","Genus","Bacteria","","Firmicutes","Clostridia","Clostridiales","Lachnospiraceae","Tyzzerella","","5326000.0","6825100.0","7052600.0","0.0","0.0","0.0"
"Bacteroides finegoldii","Species","Bacteria","","Bacteroidetes","Bacteroidia","Bacteroidales","Bacteroidaceae","Bacteroides","Bacteroides finegoldii","0.0","0.0","8408000.0","0.0","7519400.0","6225400.0"
"Nitrosopumilus","Genus","Archaea","","Thaumarchaeota","","Nitrosopumilales","Nitrosopumilaceae","Nitrosopumilus","","1.7043E8","1.4847E8","1.3188E8","1.7451E8","1.922E8","2.0815E8"
"Nitrosopumilaceae","Family","Archaea","","Thaumarchaeota","","Nitrosopumilales","Nitrosopumilaceae","","","1.7043E8","1.4847E8","1.3188E8","1.7451E8","1.922E8","2.0815E8"
"Lachnoanaerobaculum saburreum","Species","Bacteria","","Firmicutes","Clostridia","Clostridiales","Lachnospiraceae","Lachnoanaerobaculum","Lachnoanaerobaculum saburreum","1.2949E7","8503900.0","6644400.0","7948600.0","6127600.0","1.0474E7"
"Coprococcus","Genus","Bacteria","","Firmicutes","Clostridia","Clostridiales","Lachnospiraceae","Coprococcus","","1.0798017E9","9.730346E8","1.1137132E9","6.5589914E8","5.038991E8","6.14576E8"
"Streptococcaceae","Family","Bacteria","","Firmicutes","Bacilli","Lactobacillales","Streptococcaceae","","","1.32546E8","7.8381E7","5.981E7","3.02524E8","4.24424E8","3.2539E8"
"Streptococcus","Genus","Bacteria","","Firmicutes","Bacilli","Lactobacillales","Streptococcaceae","Streptococcus","","1.32546E8","7.8381E7","5.981E7","3.02524E8","4.24424E8","3.2539E8"
"Cyclobacterium amurskyense","Species","Bacteria","","Bacteroidetes","Cytophagia","Cytophagales","Cyclobacteriaceae","Cyclobacterium","Cyclobacterium amurskyense","3.2384E7","5.4232E7","7.2905E7","0.0","1.3683E7","1.8667E7"
"Prevotella marshii","Species","Bacteria","","Bacteroidetes","Bacteroidia","Bacteroidales","Prevotellaceae","Prevotella","Prevotella marshii","5061800.0","5335000.0","0.0","5063800.0","4399200.0","0.0"
"Streptococcus mutans","Species","Bacteria","","Firmicutes","Bacilli","Lactobacillales","Streptococcaceae","Streptococcus","Streptococcus mutans","1.0936E7","0.0","0.0","1.6874E7","4.1804E7","0.0"
"Edwardsiidae","Family","Eukaryota","Metazoa","Cnidaria","Anthozoa","Actiniaria","Edwardsiidae","","","8895300.0","8233500.0","8566800.0","0.0","0.0","0.0"
"Ruminiclostridium","Genus","Bacteria","","Firmicutes","Clostridia","Clostridiales","Ruminococcaceae","Ruminiclostridium","","2.65252E7","3.33827E7","1.325E7","1.80906E7","1.31866E7","1.85865E7"
"Thermotogae","Class","Bacteria","","Thermotogae","Thermotogae","","","","","1.3291E7","0.0","0.0","1.3442E7","8579100.0","1.49438E7"
"Nematostella","Genus","Eukaryota","Metazoa","Cnidaria","Anthozoa","Actiniaria","Edwardsiidae","Nematostella","","8895300.0","8233500.0","8566800.0","0.0","0.0","0.0"
"Thermotogaceae","Family","Bacteria","","Thermotogae","Thermotogae","Thermotogales","Thermotogaceae","","","0.0","0.0","0.0","1.3442E7","8579100.0","8944700.0"
"Nematostella vectensis","Species","Eukaryota","Metazoa","Cnidaria","Anthozoa","Actiniaria","Edwardsiidae","Nematostella","Nematostella vectensis","8895300.0","8233500.0","8566800.0","0.0","0.0","0.0"
"Atopobiaceae","Family","Bacteria","","Actinobacteria","Coriobacteriia","Coriobacteriales","Atopobiaceae","","","1.11386E8","1.3545E7","8643400.0","1.7458E7","2.41767E7","8729000.0"
"Eggerthellaceae","Family","Bacteria","","Actinobacteria","Coriobacteriia","Eggerthellales","Eggerthellaceae","","","1.6260134E9","1.4480774E9","1.7457937E9","2.122297E8","2.280148E8","1.725311E8"
"Chromadorea","Class","Eukaryota","Metazoa","Nematoda","Chromadorea","","","","","0.0","0.0","0.0","0.0","0.0","0.0"
"Eggerthellales","Order","Bacteria","","Actinobacteria","Coriobacteriia","Eggerthellales","","","","1.6260134E9","1.4480774E9","1.7457937E9","2.122297E8","2.280148E8","1.725311E8"
"Thalassiosira","Genus","Eukaryota","","Bacillariophyta","Coscinodiscophyceae","Thalassiosirales","Thalassiosiraceae","Thalassiosira","","3.804E7","4.1594E7","3.3757E7","4.1237E7","4.4349E7","4.1938E7"
"Anaerobium acetethylicum","Species","Bacteria","","Firmicutes","Clostridia","Clostridiales","Lachnospiraceae","Anaerobium","Anaerobium acetethylicum","1.8792E7","1.8554E7","1.5619E7","1.7752E7","1.884E7","2.263E7"
"Dictyosteliida","Order","Eukaryota","","","","Dictyosteliida","","","","5.5023E7","5.6232E7","0.0","1.9481E7","5.0621E7","0.0"
"Acidaminococcales","Order","Bacteria","","Firmicutes","Negativicutes","Acidaminococcales","","","","2.36662557E9","2.46589783E9","2.3106638E9","1.6945749E9","1.1772459E9","1.211437E9"
"Bacillus sp. FJAT-26390","Species","Bacteria","","Firmicutes","Bacilli","Bacillales","Bacillaceae","Bacillus","Bacillus sp. FJAT-26390","0.0","0.0","0.0","5499400.0","0.0","4747800.0"
"Veillonellales","Order","Bacteria","","Firmicutes","Negativicutes","Veillonellales","","","","1.711073E8","2.320794E8","1.907125E8","9.92362E7","2.300754E8","9.53748E7"
"Sporomusaceae","Family","Bacteria","","Firmicutes","Negativicutes","Selenomonadales","Sporomusaceae","","","8872500.0","0.0","7033000.0","6220900.0","8189300.0","6811400.0"
"Selenomonadaceae","Family","Bacteria","","Firmicutes","Negativicutes","Selenomonadales","Selenomonadaceae","","","1.1713E7","1.32E7","1.47843E7","1.27745E7","1.21661E7","1.51911E7"
"Ruminococcaceae","Family","Bacteria","","Firmicutes","Clostridia","Clostridiales","Ruminococcaceae","","","1.169372892E10","1.147459668E10","1.07600782E10","1.124136985E10","1.16025513E10","1.24097382E10"
"Viridiplantae","Kingdom","Eukaryota","Viridiplantae","","","","","","","1.4571E7","0.0","0.0","2.0357E7","2.4965E7","1.0896E7"
"Streptococcus uberis","Species","Bacteria","","Firmicutes","Bacilli","Lactobacillales","Streptococcaceae","Streptococcus","Streptococcus uberis","1.2161E8","7.8381E7","5.981E7","2.8565E8","3.8262E8","3.2539E8"
"Lachnospiraceae bacterium 2_1_46FAA","Species","Bacteria","","Firmicutes","Clostridia","Clostridiales","Lachnospiraceae","","Lachnospiraceae bacterium 2_1_46FAA","1.2818E7","1.0212E7","1.6574E7","9625900.0","9669700.0","1.5335E7"
"Alistipes sp. HGB5","Species","Bacteria","","Bacteroidetes","Bacteroidia","Bacteroidales","Rikenellaceae","Alistipes","Alistipes sp. HGB5","9.1708E7","7.9814E7","5.3769E7","5.0537E7","3.4711E7","7.0661E7"
"Collinsella sp. 4_8_47FAA","Species","Bacteria","","Actinobacteria","Coriobacteriia","Coriobacteriales","Coriobacteriaceae","Collinsella","Collinsella sp. 4_8_47FAA","4.519E7","8.3148E7","6.17868E7","1.287135E8","1.216925E8","8.8516E7"
"Fusicatenibacter saccharivorans","Species","Bacteria","","Firmicutes","Clostridia","Clostridiales","Lachnospiraceae","Fusicatenibacter","Fusicatenibacter saccharivorans","1.001279E8","9.14892E7","8.67399E7","2.304524E8","1.910997E8","1.815538E8"
"Verrucomicrobiales","Order","Bacteria","","Verrucomicrobia","Verrucomicrobiae","Verrucomicrobiales","","","","3.3207E7","2.5532E7","3.6655E7","9685400.0","9440100.0","1.1605E7"
"Bradyrhizobiaceae","Family","Bacteria","","Proteobacteria","Alphaproteobacteria","Rhizobiales","Bradyrhizobiaceae","","","0.0","3.188E7","3.7845E7","2.3559E7","2.0423E7","1.7788E7"
"Phascolarctobacterium sp. CAG:266","Species","Bacteria","","Firmicutes","Negativicutes","Acidaminococcales","Acidaminococcaceae","Phascolarctobacterium","Phascolarctobacterium sp. CAG:266","1.3631E8","1.37677E8","9.4468E7","1.20818E8","9.9496E7","1.10984E8"
"Phascolarctobacterium sp. CAG:207","Species","Bacteria","","Firmicutes","Negativicutes","Acidaminococcales","Acidaminococcaceae","Phascolarctobacterium","Phascolarctobacterium sp. CAG:207","1.79298067E9","1.89087533E9","1.784597E9","1.2416515E9","8.532781E8","8.354946E8"
"Pseudopedobacter saltans","Species","Bacteria","","Bacteroidetes","Sphingobacteriia","Sphingobacteriales","Sphingobacteriaceae","Pseudopedobacter","Pseudopedobacter saltans","0.0","0.0","6.0571E7","0.0","0.0","1.5119E7"
"Lactobacillus iners","Species","Bacteria","","Firmicutes","Bacilli","Lactobacillales","Lactobacillaceae","Lactobacillus","Lactobacillus iners","0.0","0.0","9641200.0","0.0","0.0","4402100.0"
"Theileriidae","Family","Eukaryota","","Apicomplexa","Aconoidasida","","Theileriidae","","","1.1901E7","1.2126E7","1.1417E7","1.4298E7","1.117E7","1.2928E7"
"Anaerostipes sp. 3_2_56FAA","Species","Bacteria","","Firmicutes","Clostridia","Clostridiales","Lachnospiraceae","Anaerostipes","Anaerostipes sp. 3_2_56FAA","1.8407E7","2.0156E7","1.3391E7","0.0","8872800.0","8316800.0"
"Liliopsida","Class","Eukaryota","Viridiplantae","Streptophyta","Liliopsida","","","","","1.4571E7","0.0","0.0","2.0357E7","2.4965E7","1.0896E7"
"Prevotella sp. 109","Species","Bacteria","","Bacteroidetes","Bacteroidia","Bacteroidales","Prevotellaceae","Prevotella","Prevotella sp. 109","6536600.0","6512900.0","7799400.0","0.0","0.0","0.0"
"Roseburia inulinivorans","Species","Bacteria","","Firmicutes","Clostridia","Clostridiales","Lachnospiraceae","Roseburia","Roseburia inulinivorans","7.47411925E9","7.44741791E9","7.88461141E9","1.386934877E10","1.58403865E10","1.442252268E10"
"Rhizobiales","Order","Bacteria","","Proteobacteria","Alphaproteobacteria","Rhizobiales","","","","0.0","3.188E7","3.7845E7","2.3559E7","2.0423E7","1.7788E7"
"Sebacinales","Order","Eukaryota","Fungi","Basidiomycota","Agaricomycetes","Sebacinales","","","","5895500.0","8332000.0","5384600.0","3.2015E7","0.0","3.5437E7"
"Bacillales","Order","Bacteria","","Firmicutes","Bacilli","Bacillales","","","","1.473288E8","1.609068E8","1.237615E8","1.084017E8","6.37524E7","9.56462E7"
"Bacillus","Genus","Bacteria","","Firmicutes","Bacilli","Bacillales","Bacillaceae","Bacillus","","0.0","7917100.0","1.0173E7","5499400.0","0.0","4747800.0"
"Tannerella","Genus","Bacteria","","Bacteroidetes","Bacteroidia","Bacteroidales","Porphyromonadaceae","Tannerella","","2.8045E7","2.9657E7","2.47E7","1.07481E7","5628000.0","1.82981E7"
"Dorea longicatena","Species","Bacteria","","Firmicutes","Clostridia","Clostridiales","Lachnospiraceae","Dorea","Dorea longicatena","3.22668E7","3.34466E7","3.524453E7","8.31682E8","5.511137E8","5.497306E8"
"Desulfovibrionaceae","Family","Bacteria","","Proteobacteria","Deltaproteobacteria","Desulfovibrionales","Desulfovibrionaceae","","","8.87058E7","5.141611E8","5.482938E8","1.502085E8","1.3584E8","1.036168E8"
"Anaerostipes caccae","Species","Bacteria","","Firmicutes","Clostridia","Clostridiales","Lachnospiraceae","Anaerostipes","Anaerostipes caccae","3.3992E7","3.4321E7","3.1284E7","4.3749E7","2.1684E7","3.5165E7"
"Thermotogales","Order","Bacteria","","Thermotogae","Thermotogae","Thermotogales","","","","0.0","0.0","0.0","1.3442E7","8579100.0","8944700.0"
"Coprococcus catus","Species","Bacteria","","Firmicutes","Clostridia","Clostridiales","Lachnospiraceae","Coprococcus","Coprococcus catus","3.529604E8","2.940485E8","2.650155E8","2.371533E8","1.951307E8","2.301031E8"
"Bifidobacterium pseudocatenulatum","Species","Bacteria","","Actinobacteria","Actinobacteria","Bifidobacteriales","Bifidobacteriaceae","Bifidobacterium","Bifidobacterium pseudocatenulatum","2.65693E7","2.01318E7","9718800.0","1.67104E7","1.57051E7","1.32377E7"
"Acidobacteria","Phylum","Bacteria","","Acidobacteria","","","","","","0.0","0.0","0.0","0.0","0.0","0.0"
"Insecta","Class","Eukaryota","Metazoa","Arthropoda","Insecta","","","","","1.0369E7","5.4387E7","4.9944E7","5.6119E7","6.7811E7","6.2636E7"
"Poaceae","Family","Eukaryota","Viridiplantae","Streptophyta","Liliopsida","Poales","Poaceae","","","1.4571E7","0.0","0.0","2.0357E7","2.4965E7","1.0896E7"
"Afipia sp. P52-10","Species","Bacteria","","Proteobacteria","Alphaproteobacteria","Rhizobiales","Bradyrhizobiaceae","Afipia","Afipia sp. P52-10","0.0","3.188E7","3.7845E7","2.3559E7","2.0423E7","1.7788E7"
"Flavobacteriaceae","Family","Bacteria","","Bacteroidetes","Flavobacteriia","Flavobacteriales","Flavobacteriaceae","","","0.0","0.0","0.0","0.0","0.0","1.698E7"
"Anaerostipes","Genus","Bacteria","","Firmicutes","Clostridia","Clostridiales","Lachnospiraceae","Anaerostipes","","6.527541E7","6.70435E7","4.547123E7","6.048988E7","4.59603E7","6.50187E7"
"Kandleria","Genus","Bacteria","","Firmicutes","Erysipelotrichia","Erysipelotrichales","Erysipelotrichaceae","Kandleria","","3178400.0","0.0","0.0","3871000.0","0.0","0.0"
"Cellulosilyticum","Genus","Bacteria","","Firmicutes","Clostridia","Clostridiales","Lachnospiraceae","Cellulosilyticum","","7.12424E7","7.20228E7","9.55837E7","9.40254E7","8.05431E7","8.49807E7"
"Bacteroides stercoris","Species","Bacteria","","Bacteroidetes","Bacteroidia","Bacteroidales","Bacteroidaceae","Bacteroides","Bacteroides stercoris","1.19405E8","2.619166E8","1.226064E8","1.013452E8","1.086991E8","1.020825E8"
"Oribacterium sp. oral taxon 078","Species","Bacteria","","Firmicutes","Clostridia","Clostridiales","Lachnospiraceae","Oribacterium","Oribacterium sp. oral taxon 078","9856400.0","7406600.0","6665200.0","4053800.0","4685400.0","0.0"
"Oryza","Genus","Eukaryota","Viridiplantae","Streptophyta","Liliopsida","Poales","Poaceae","Oryza","","1.4571E7","0.0","0.0","2.0357E7","2.4965E7","1.0896E7"
"Clostridiales","Order","Bacteria","","Firmicutes","Clostridia","Clostridiales","","","","6.749443457E10","6.484338565E10","6.303078616E10","8.17730021E10","8.287182002E10","8.259997155E10"
"Enterorhabdus","Genus","Bacteria","","Actinobacteria","Coriobacteriia","Eggerthellales","Eggerthellaceae","Enterorhabdus","","6458100.0","6514400.0","7894300.0","2984300.0","0.0","0.0"
"Lachnospiraceae","Family","Bacteria","","Firmicutes","Clostridia","Clostridiales","Lachnospiraceae","","","1.727270803E10","1.679227378E10","1.74945165E10","2.810571649E10","3.16787942E10","2.826183465E10"
"Oryza sativa","Species","Eukaryota","Viridiplantae","Streptophyta","Liliopsida","Poales","Poaceae","Oryza","Oryza sativa","1.4571E7","0.0","0.0","2.0357E7","2.4965E7","1.0896E7"
"Petrotogales","Order","Bacteria","","Thermotogae","Thermotogae","Petrotogales","","","","1.3291E7","0.0","0.0","0.0","0.0","0.0"
"Clostridia","Class","Bacteria","","Firmicutes","Clostridia","","","","","6.757243337E10","6.490874755E10","6.309734146E10","8.18543428E10","8.294870302E10","8.268874525E10"
"Eubacteriaceae","Family","Bacteria","","Firmicutes","Clostridia","Clostridiales","Eubacteriaceae","","","2.1325343E9","1.9619443E9","2.0377664E9","3.9735085E9","3.4916703E9","3.8686424E9"
"Peptococcaceae","Family","Bacteria","","Firmicutes","Clostridia","Clostridiales","Peptococcaceae","","","0.0","9953200.0","1.5903E7","8109600.0","8163500.0","1.1502E7"
"Peptostreptococcaceae","Family","Bacteria","","Firmicutes","Clostridia","Clostridiales","Peptostreptococcaceae","","","1.172523E8","1.12752E8","8.13404E7","7.22611E7","6.09113E7","7.27216E7"
"Pseudothermotoga","Genus","Bacteria","","Thermotogae","Thermotogae","Thermotogales","Thermotogaceae","Pseudothermotoga","","0.0","0.0","0.0","1.3442E7","8579100.0","8944700.0"
"Metazoa","Kingdom","Eukaryota","Metazoa","","","","","","","1.92643E7","6.26205E7","5.85108E7","5.6119E7","6.7811E7","6.2636E7"
"Paenibacillus larvae","Species","Bacteria","","Firmicutes","Bacilli","Bacillales","Paenibacillaceae","Paenibacillus","Paenibacillus larvae","1.6021E7","1.5546E7","1.5396E7","2.2148E7","1.5986E7","1.8433E7"
"bacterium 2013Arg42i","Species","Bacteria","","","","","","","bacterium 2013Arg42i","6199900.0","6827200.0","6076100.0","1.2643E7","1.1479E7","7865900.0"
"Hungatella hathewayi","Species","Bacteria","","Firmicutes","Clostridia","Clostridiales","Clostridiaceae","Hungatella","Hungatella hathewayi","0.0","0.0","0.0","2.5886E7","2.7971E7","0.0"
"Oceanospirillales","Order","Bacteria","","Proteobacteria","Gammaproteobacteria","Oceanospirillales","","","","4082800.0","0.0","0.0","0.0","0.0","0.0"
"Marvinbryantia formatexigens","Species","Bacteria","","Firmicutes","Clostridia","Clostridiales","Lachnospiraceae","Marvinbryantia","Marvinbryantia formatexigens","2.6783E7","2.7419E7","2.9161E7","1.198E7","1.492E7","8188200.0"
"Bacillaceae","Family","Bacteria","","Firmicutes","Bacilli","Bacillales","Bacillaceae","","","5.97E7","7.97701E7","5.5328E7","2.96844E7","2.0801E7","3.81788E7"
"Paenibacillaceae","Family","Bacteria","","Firmicutes","Bacilli","Bacillales","Paenibacillaceae","","","3.84435E7","3.3185E7","2.26873E7","2.2148E7","1.5986E7","3.24834E7"
"Anaerovibrio","Genus","Bacteria","","Firmicutes","Negativicutes","Selenomonadales","Selenomonadaceae","Anaerovibrio","","1.1713E7","1.32E7","9778200.0","6525700.0","7115500.0","1.0537E7"
"Vibrionales","Order","Bacteria","","Proteobacteria","Gammaproteobacteria","Vibrionales","","","","1.3155E7","2.2169E7","1.7808E7","1.1113E7","1.7363E7","1.0381E7"
"Blautia wexlerae","Species","Bacteria","","Firmicutes","Clostridia","Clostridiales","Lachnospiraceae","Blautia","Blautia wexlerae","1.503148E8","9.97631E7","9.3014E7","9.53805E7","2.854206E8","2.771769E8"
"Oceanospirillaceae","Family","Bacteria","","Proteobacteria","Gammaproteobacteria","Oceanospirillales","Oceanospirillaceae","","","4082800.0","0.0","0.0","0.0","0.0","0.0"
"Anaerovibrio lipolyticus","Species","Bacteria","","Firmicutes","Negativicutes","Selenomonadales","Selenomonadaceae","Anaerovibrio","Anaerovibrio lipolyticus","1.1713E7","1.32E7","9778200.0","6525700.0","7115500.0","1.0537E7"
"Sporolactobacillaceae","Family","Bacteria","","Firmicutes","Bacilli","Bacillales","Sporolactobacillaceae","","","0.0","0.0","0.0","7155300.0","6227400.0","0.0"
"Lactobacillales","Order","Bacteria","","Firmicutes","Bacilli","Lactobacillales","","","","2.125445E8","1.486016E8","1.346982E8","3.727496E8","1.0102267E9","4.675868E8"
"Aeromonadales","Order","Bacteria","","Proteobacteria","Gammaproteobacteria","Aeromonadales","","","","1.73356E8","1.741465E8","1.703597E8","1.374095E8","1.291934E8","1.605483E8"
"Pasteurellales","Order","Bacteria","","Proteobacteria","Gammaproteobacteria","Pasteurellales","","","","0.0","0.0","1.2957E7","1.68189E8","0.0","0.0"
"Clostridium","Genus","Bacteria","","Firmicutes","Clostridia","Clostridiales","Clostridiaceae","Clostridium","","2.76181875E9","2.78764204E9","3.19551366E9","2.05622243E9","1.8173266E9","2.2283696E9"
"Bacteroides eggerthii","Species","Bacteria","","Bacteroidetes","Bacteroidia","Bacteroidales","Bacteroidaceae","Bacteroides","Bacteroides eggerthii","6.2301E7","8.0824E7","5.5425E7","3.3478E7","3.3882E7","4.10996E7"
"Tannerella forsythia","Species","Bacteria","","Bacteroidetes","Bacteroidia","Bacteroidales","Porphyromonadaceae","Tannerella","Tannerella forsythia","2.8045E7","2.9657E7","2.47E7","1.07481E7","5628000.0","1.82981E7"
"Actinobacteria","Phylum","Bacteria","","Actinobacteria","","","","","","2.350726668E10","2.641416891E10","2.369992284E10","2.430988057E10","2.48269034E10","2.45863065E10"
"Alistipes putredinis","Species","Bacteria","","Bacteroidetes","Bacteroidia","Bacteroidales","Rikenellaceae","Alistipes","Alistipes putredinis","3.0558375E8","3.1330892E8","2.346497E8","2.73512E7","1.977619E7","2.775749E7"
"Odoribacter splanchnicus","Species","Bacteria","","Bacteroidetes","Bacteroidia","Bacteroidales","Odoribacteraceae","Odoribacter","Odoribacter splanchnicus","2.70303E7","2.83293E7","3.53414E7","0.0","7263700.0","0.0"
"Clostridioides difficile","Species","Bacteria","","Firmicutes","Clostridia","Clostridiales","Peptostreptococcaceae","Clostridioides","Clostridioides difficile","2.1474E7","2.6533E7","1.079E7","0.0","0.0","0.0"
"Verrucomicrobia","Phylum","Bacteria","","Verrucomicrobia","","","","","","3.3207E7","2.5532E7","3.6655E7","9685400.0","9440100.0","1.1605E7"
"Porphyromonas asaccharolytica","Species","Bacteria","","Bacteroidetes","Bacteroidia","Bacteroidales","Porphyromonadaceae","Porphyromonas","Porphyromonas asaccharolytica","1.9715E7","2.3756E7","2.0132E7","2.4823E7","3.4282E7","2.7706E7"
"Porphyromonas endodontalis","Species","Bacteria","","Bacteroidetes","Bacteroidia","Bacteroidales","Porphyromonadaceae","Porphyromonas","Porphyromonas endodontalis","9153900.0","9138000.0","1.08611E7","0.0","0.0","0.0"
"Coprococcus comes","Species","Bacteria","","Firmicutes","Clostridia","Clostridiales","Lachnospiraceae","Coprococcus","Coprococcus comes","6.458135E8","5.992485E8","7.707971E8","3.7302684E8","2.529737E8","3.087623E8"
"Thiotrichales bacterium SG8_50","Species","Bacteria","","Proteobacteria","Gammaproteobacteria","Thiotrichales","","","Thiotrichales bacterium SG8_50","3.1256E7","2.9195E7","2.4866E7","0.0","4.1728E7","3.8146E7"
"Neisseriaceae","Family","Bacteria","","Proteobacteria","Betaproteobacteria","Neisseriales","Neisseriaceae","","","0.0","8.8222E7","6.7228E7","2.574E7","2.8683E7","0.0"
"Neisseria","Genus","Bacteria","","Proteobacteria","Betaproteobacteria","Neisseriales","Neisseriaceae","Neisseria","","0.0","8.8222E7","6.7228E7","2.574E7","2.8683E7","0.0"
"Solobacterium","Genus","Bacteria","","Firmicutes","Erysipelotrichia","Erysipelotrichales","Erysipelotrichaceae","Solobacterium","","3.1087E7","608820.0","0.0","5.18516E7","5.0508E7","2.9436E7"
"Cytophagales","Order","Bacteria","","Bacteroidetes","Cytophagia","Cytophagales","","","","3.2384E7","5.4232E7","7.2905E7","0.0","1.3683E7","1.8667E7"
"Methanomicrobia","Class","Archaea","","Euryarchaeota","Methanomicrobia","","","","","5383300.0","5700000.0","7266600.0","0.0","0.0","0.0"
"[Clostridium] clostridioforme","Species","Bacteria","","Firmicutes","Clostridia","Clostridiales","Lachnospiraceae","Lachnoclostridium","[Clostridium] clostridioforme","1.4761E7","2.20626E7","2.68001E7","1.27727E7","1.71797E7","1.76334E7"
"Cytophagia","Class","Bacteria","","Bacteroidetes","Cytophagia","","","","","3.2384E7","5.4232E7","7.2905E7","0.0","1.3683E7","1.8667E7"
"Deltaproteobacteria bacterium DG_8","Species","Bacteria","","Proteobacteria","Deltaproteobacteria","","","","Deltaproteobacteria bacterium DG_8","2.9697E7","3.2327E7","2.4237E7","3706100.0","0.0","4594800.0"
"Serendipita","Genus","Eukaryota","Fungi","Basidiomycota","Agaricomycetes","Sebacinales","","Serendipita","","5895500.0","8332000.0","5384600.0","3.2015E7","0.0","3.5437E7"
"Parabacteroides","Genus","Bacteria","","Bacteroidetes","Bacteroidia","Bacteroidales","Porphyromonadaceae","Parabacteroides","","3.763088E8","4.29315E8","3.206707E8","5.44484E7","6.74146E7","2.988865E8"
"Oscillospiraceae","Family","Bacteria","","Firmicutes","Clostridia","Clostridiales","Oscillospiraceae","","","3.501425E8","2.976113E8","2.471944E8","1.109935E8","1.587819E8","9.02937E7"
"Arthropoda","Phylum","Eukaryota","Metazoa","Arthropoda","","","","","","1.0369E7","5.4387E7","4.9944E7","5.6119E7","6.7811E7","6.2636E7"
"Ruminococcus bicirculans","Species","Bacteria","","Firmicutes","Clostridia","Clostridiales","Ruminococcaceae","Ruminococcus","Ruminococcus bicirculans","3836900.0","3465400.0","5209500.0","6154600.0","4592700.0","637470.0"
"Ardenticatenales","Order","Bacteria","","Chloroflexi","Ardenticatenia","Ardenticatenales","","","","0.0","0.0","0.0","0.0","0.0","0.0"
"Verrucomicrobiae bacterium DG1235","Species","Bacteria","","Verrucomicrobia","Verrucomicrobiae","Verrucomicrobiales","","","Verrucomicrobiae bacterium DG1235","3.3207E7","2.5532E7","3.6655E7","9685400.0","9440100.0","1.1605E7"
"Ardenticatenia","Class","Bacteria","","Chloroflexi","Ardenticatenia","","","","","0.0","0.0","0.0","0.0","0.0","0.0"
"Ardenticatena","Genus","Bacteria","","Chloroflexi","Ardenticatenia","Ardenticatenales","Ardenticatenaceae","Ardenticatena","","0.0","0.0","0.0","0.0","0.0","0.0"
"Ardenticatenaceae","Family","Bacteria","","Chloroflexi","Ardenticatenia","Ardenticatenales","Ardenticatenaceae","","","0.0","0.0","0.0","0.0","0.0","0.0"
"Ardenticatena maritima","Species","Bacteria","","Chloroflexi","Ardenticatenia","Ardenticatenales","Ardenticatenaceae","Ardenticatena","Ardenticatena maritima","0.0","0.0","0.0","0.0","0.0","0.0"
"Neisseriales","Order","Bacteria","","Proteobacteria","Betaproteobacteria","Neisseriales","","","","0.0","8.8222E7","6.7228E7","2.574E7","2.8683E7","0.0"
"Olsenella scatoligenes","Species","Bacteria","","Actinobacteria","Coriobacteriia","Coriobacteriales","Atopobiaceae","Olsenella","Olsenella scatoligenes","0.0","0.0","0.0","0.0","6436700.0","8729000.0"
"Porphyromonas gingivicanis","Species","Bacteria","","Bacteroidetes","Bacteroidia","Bacteroidales","Porphyromonadaceae","Porphyromonas","Porphyromonas gingivicanis","1.0249E8","1.0624E8","8.0012E7","2.3038E7","3.2069E7","3.8862E7"
"Coprobacillus","Genus","Bacteria","","Firmicutes","Erysipelotrichia","Erysipelotrichales","Erysipelotrichaceae","Coprobacillus","","2.56408E7","2.35558E7","1.49879E7","8713100.0","2.7584E7","1.70608E7"
"Thalassiosiraceae","Family","Eukaryota","","Bacillariophyta","Coscinodiscophyceae","Thalassiosirales","Thalassiosiraceae","","","3.804E7","4.1594E7","3.3757E7","4.1237E7","4.4349E7","4.1938E7"
"Clostridium litorale","Species","Bacteria","","Firmicutes","Clostridia","Clostridiales","Peptostreptococcaceae","Peptoclostridium","Clostridium litorale","7.6164E7","7.4793E7","4.9489E7","4.7681E7","4.4184E7","5.1376E7"
"Anaerostipes hadrus","Species","Bacteria","","Firmicutes","Clostridia","Clostridiales","Lachnospiraceae","Anaerostipes","Anaerostipes hadrus","522410.0","1141500.0","796230.0","673880.0","2254500.0","5510900.0"
"Rikenellaceae","Family","Bacteria","","Bacteroidetes","Bacteroidia","Bacteroidales","Rikenellaceae","","","6.2200775E8","6.5067622E8","4.84899E8","2.319064E8","2.5453299E8","2.3793349E8"
"Porphyromonadaceae","Family","Bacteria","","Bacteroidetes","Bacteroidia","Bacteroidales","Porphyromonadaceae","","","1.1356842E9","1.2628293E9","1.2426918E9","4.610822E8","4.034571E8","7.41125E8"
"Prevotella sp. F0091","Species","Bacteria","","Bacteroidetes","Bacteroidia","Bacteroidales","Prevotellaceae","Prevotella","Prevotella sp. F0091","2.241E7","2.2698E7","1.822E7","1.5166E7","7534400.0","7398900.0"
"Bacteroidales","Order","Bacteria","","Bacteroidetes","Bacteroidia","Bacteroidales","","","","5.639615619E10","5.482709446E10","5.321008827E10","1.340293072E10","1.301689483E10","1.506474922E10"
"Enterobacteriaceae","Family","Bacteria","","Proteobacteria","Gammaproteobacteria","Enterobacterales","Enterobacteriaceae","","","6458100.0","6858500.0","8822500.0","9.41878E7","1.751087E8","7.1208E7"
"Prevotellaceae","Family","Bacteria","","Bacteroidetes","Bacteroidia","Bacteroidales","Prevotellaceae","","","9.43848E8","9.949598E8","8.02067E8","3.262014E8","2.404043E8","2.354407E8"
"Odoribacter","Genus","Bacteria","","Bacteroidetes","Bacteroidia","Bacteroidales","Odoribacteraceae","Odoribacter","","3.14205E7","3.88925E7","4.20022E7","7671700.0","9535000.0","0.0"
"Gordonibacter","Genus","Bacteria","","Actinobacteria","Coriobacteriia","Eggerthellales","Eggerthellaceae","Gordonibacter","","8.548015E8","7.135923E8","9.225244E8","3.10132E7","6.32914E7","5.02918E7"
"Synergistia","Class","Bacteria","","Synergistetes","Synergistia","","","","","9404400.0","8086900.0","8557200.0","4790100.0","0.0","3582100.0"
"Enterorhabdus caecimuris","Species","Bacteria","","Actinobacteria","Coriobacteriia","Eggerthellales","Eggerthellaceae","Enterorhabdus","Enterorhabdus caecimuris","6458100.0","6514400.0","7894300.0","2984300.0","0.0","0.0"
"Lactobacillus","Genus","Bacteria","","Firmicutes","Bacilli","Lactobacillales","Lactobacillaceae","Lactobacillus","","2.90745E7","1.84956E7","2.64762E7","6635600.0","5.385787E8","6.82188E7"
"Adlercreutzia","Genus","Bacteria","","Actinobacteria","Coriobacteriia","Eggerthellales","Eggerthellaceae","Adlercreutzia","","5.9208E7","3.60287E7","4.21834E7","9279000.0","6900000.0","5162100.0"
"Synergistetes","Phylum","Bacteria","","Synergistetes","","","","","","9404400.0","8086900.0","8557200.0","4790100.0","0.0","3582100.0"
"Lactobacillus delbrueckii","Species","Bacteria","","Firmicutes","Bacilli","Lactobacillales","Lactobacillaceae","Lactobacillus","Lactobacillus delbrueckii","6176800.0","7369800.0","6078500.0","1681000.0","0.0","3350200.0"
"Coriobacteriaceae bacterium 68-1-3","Species","Bacteria","","Actinobacteria","Coriobacteriia","Coriobacteriales","Coriobacteriaceae","","Coriobacteriaceae bacterium 68-1-3","2.1664E7","1.5687E7","2.5475E7","0.0","0.0","0.0"
"Alphaproteobacteria","Class","Bacteria","","Proteobacteria","Alphaproteobacteria","","","","","3.55691E7","6.14E7","5.19523E7","9.6188E7","1.858949E8","1.12486E8"
"Peptoniphilaceae","Family","Bacteria","","Firmicutes","Tissierellia","Tissierellales","Peptoniphilaceae","","","0.0","0.0","3.2693E8","0.0","5.84E7","9.1893E7"
"Hafnia paralvei","Species","Bacteria","","Proteobacteria","Gammaproteobacteria","Enterobacterales","Hafniaceae","Hafnia","Hafnia paralvei","0.0","0.0","0.0","1.09281E7","9197700.0","0.0"
"Betaproteobacteria","Class","Bacteria","","Proteobacteria","Betaproteobacteria","","","","","1.87805753E9","1.80442074E9","1.7936139E9","4.2879245E9","4.0878954E9","4.0560516E9"
"Hafnia","Genus","Bacteria","","Proteobacteria","Gammaproteobacteria","Enterobacterales","Hafniaceae","Hafnia","","0.0","0.0","0.0","1.09281E7","9197700.0","0.0"
"Synergistaceae","Family","Bacteria","","Synergistetes","Synergistia","Synergistales","Synergistaceae","","","9404400.0","8086900.0","8557200.0","4790100.0","0.0","3582100.0"
"Synergistales","Order","Bacteria","","Synergistetes","Synergistia","Synergistales","","","","9404400.0","8086900.0","8557200.0","4790100.0","0.0","3582100.0"
"Deltaproteobacteria","Class","Bacteria","","Proteobacteria","Deltaproteobacteria","","","","","1.226573E8","5.528584E8","5.725308E8","1.61772E8","1.3584E8","1.082116E8"
"[Eubacterium] eligens","Species","Bacteria","","Firmicutes","Clostridia","Clostridiales","Eubacteriaceae","Eubacterium","[Eubacterium] eligens","1.272002E8","5.48322E7","1.130878E8","2.77383E7","1.63116E7","1.248812E8"
"Dorea formicigenerans","Species","Bacteria","","Firmicutes","Clostridia","Clostridiales","Lachnospiraceae","Dorea","Dorea formicigenerans","8.347876E8","5.194925E8","1.081454E9","8.715893E8","5.310388E8","5.930448E8"
"Bacteroides caccae","Species","Bacteria","","Bacteroidetes","Bacteroidia","Bacteroidales","Bacteroidaceae","Bacteroides","Bacteroides caccae","1.473164E8","1.459642E8","1.504843E8","2733500.0","4339700.0","4528500.0"
"[Eubacterium] hallii","Species","Bacteria","","Firmicutes","Clostridia","Clostridiales","Eubacteriaceae","Eubacterium","[Eubacterium] hallii","3.703278E8","3.682515E8","2.938914E8","3.785697E8","1.976695E8","3.012312E8"
"Oscillibacter sp. KLE 1745","Species","Bacteria","","Firmicutes","Clostridia","Clostridiales","Oscillospiraceae","Oscillibacter","Oscillibacter sp. KLE 1745","3.45644E7","3.71499E7","4.70119E7","0.0","4772000.0","0.0"
"Lachnoanaerobaculum","Genus","Bacteria","","Firmicutes","Clostridia","Clostridiales","Lachnospiraceae","Lachnoanaerobaculum","","1.2949E7","8503900.0","6644400.0","7948600.0","6127600.0","1.0474E7"
"Morganella","Genus","Bacteria","","Proteobacteria","Gammaproteobacteria","Enterobacterales","Morganellaceae","Morganella","","0.0","0.0","1.1111E7","0.0","0.0","0.0"
"Morganella morganii","Species","Bacteria","","Proteobacteria","Gammaproteobacteria","Enterobacterales","Morganellaceae","Morganella","Morganella morganii","0.0","0.0","1.1111E7","0.0","0.0","0.0"
"Arc I group archaeon U1lsi0528_Bin089","Species","Archaea","","Euryarchaeota","Methanomicrobia","","","","Arc I group archaeon U1lsi0528_Bin089","5383300.0","5700000.0","7266600.0","0.0","0.0","0.0"
"Ruminococcus callidus","Species","Bacteria","","Firmicutes","Clostridia","Clostridiales","Ruminococcaceae","Ruminococcus","Ruminococcus callidus","9.5585E7","9.20802E7","9.65931E7","2.478228E8","2.528384E8","2.021345E8"
"Eubacterium ventriosum","Species","Bacteria","","Firmicutes","Clostridia","Clostridiales","Eubacteriaceae","Eubacterium","Eubacterium ventriosum","7.1501E8","6.654599E8","7.420007E8","2.748921E9","2.626557E9","2.6826339E9"
"Blautia obeum","Species","Bacteria","","Firmicutes","Clostridia","Clostridiales","Lachnospiraceae","Blautia","Blautia obeum","1.5618275E9","1.5595312E9","1.4524652E9","1.8118388E9","1.9718181E9","2.1656155E9"
"Parabacteroides johnsonii","Species","Bacteria","","Bacteroidetes","Bacteroidia","Bacteroidales","Porphyromonadaceae","Parabacteroides","Parabacteroides johnsonii","0.0","3.467E7","0.0","0.0","0.0","2.2183E8"
"Petrotoga","Genus","Bacteria","","Thermotogae","Thermotogae","Petrotogales","","Petrotoga","","1.3291E7","0.0","0.0","0.0","0.0","0.0"
"Thiotrichales","Order","Bacteria","","Proteobacteria","Gammaproteobacteria","Thiotrichales","","","","3.1256E7","2.9195E7","2.4866E7","0.0","4.1728E7","3.8146E7"
"Roseburia intestinalis","Species","Bacteria","","Firmicutes","Clostridia","Clostridiales","Lachnospiraceae","Roseburia","Roseburia intestinalis","9475900.0","2386500.0","0.0","2.31166E7","1.80756E7","3.89629E7"
"Sphingobacteriaceae","Family","Bacteria","","Bacteroidetes","Sphingobacteriia","Sphingobacteriales","Sphingobacteriaceae","","","0.0","0.0","6.0571E7","0.0","0.0","1.5119E7"
"Lactobacillus salivarius","Species","Bacteria","","Firmicutes","Bacilli","Lactobacillales","Lactobacillaceae","Lactobacillus","Lactobacillus salivarius","0.0","0.0","0.0","0.0","7.5342E7","4.4741E7"
"Clostridiales Family XIII. Incertae Sedis","Family","Bacteria","","Firmicutes","Clostridia","Clostridiales","Clostridiales Family XIII. Incertae Sedis","","","5797000.0","4987700.0","8220700.0","0.0","0.0","0.0"
"Pseudothermotoga lettingae","Species","Bacteria","","Thermotogae","Thermotogae","Thermotogales","Thermotogaceae","Pseudothermotoga","Pseudothermotoga lettingae","0.0","0.0","0.0","1.3442E7","8579100.0","8944700.0"
"Bacteroides sp. 3_1_40A","Species","Bacteria","","Bacteroidetes","Bacteroidia","Bacteroidales","Bacteroidaceae","Bacteroides","Bacteroides sp. 3_1_40A","2.6167E7","2.3552E7","1.7127E7","7097400.0","0.0","0.0"
"Cyclobacteriaceae","Family","Bacteria","","Bacteroidetes","Cytophagia","Cytophagales","Cyclobacteriaceae","","","3.2384E7","5.4232E7","7.2905E7","0.0","1.3683E7","1.8667E7"
"Kandleria vitulina","Species","Bacteria","","Firmicutes","Erysipelotrichia","Erysipelotrichales","Erysipelotrichaceae","Kandleria","Kandleria vitulina","3178400.0","0.0","0.0","3871000.0","0.0","0.0"
"Sutterella","Genus","Bacteria","","Proteobacteria","Betaproteobacteria","Burkholderiales","Sutterellaceae","Sutterella","","0.0","2.1012E7","0.0","1.0757E7","0.0","0.0"
"Negativicutes","Class","Bacteria","","Firmicutes","Negativicutes","","","","","3.01629187E9","2.98816303E9","3.291716E9","2.0066585E9","1.5990883E9","1.9434212E9"
"Fusicatenibacter","Genus","Bacteria","","Firmicutes","Clostridia","Clostridiales","Lachnospiraceae","Fusicatenibacter","","1.001279E8","9.14892E7","8.67399E7","2.304524E8","1.910997E8","1.815538E8"
"Helicobacteraceae","Family","Bacteria","","Proteobacteria","Epsilonproteobacteria","Campylobacterales","Helicobacteraceae","","","4.9813E7","5.3224E7","3.9214E7","3.8572E7","5.6536E7","4.5603E7"
"Selenomonadales","Order","Bacteria","","Firmicutes","Negativicutes","Selenomonadales","","","","2.05855E7","1.32E7","2.18173E7","1.89954E7","2.03554E7","2.20025E7"
"Acidaminococcaceae","Family","Bacteria","","Firmicutes","Negativicutes","Acidaminococcales","Acidaminococcaceae","","","2.36662557E9","2.46589783E9","2.3106638E9","1.6945749E9","1.1772459E9","1.211437E9"
"Campylobacteraceae","Family","Bacteria","","Proteobacteria","Epsilonproteobacteria","Campylobacterales","Campylobacteraceae","","","4817900.0","1.077E7","0.0","0.0","0.0","0.0"
"Enterobacteriaceae bacterium 9_2_54FAA","Species","Bacteria","","Proteobacteria","Gammaproteobacteria","Enterobacterales","Enterobacteriaceae","","Enterobacteriaceae bacterium 9_2_54FAA","6458100.0","6858500.0","8822500.0","7.86728E7","1.368777E8","4.8743E7"
"Hexamitidae","Family","Eukaryota","","","","","Hexamitidae","","","0.0","6083000.0","0.0","0.0","0.0","0.0"
"Giardia","Genus","Eukaryota","","","","","Hexamitidae","Giardia","","0.0","6083000.0","0.0","0.0","0.0","0.0"
"Burkholderiales bacterium 1_1_47","Species","Bacteria","","Proteobacteria","Betaproteobacteria","Burkholderiales","","","Burkholderiales bacterium 1_1_47","1.25909E8","1.064331E8","1.499315E8","2.40832E8","1.582505E8","2.7012E8"
"Giardia intestinalis","Species","Eukaryota","","","","","Hexamitidae","Giardia","Giardia intestinalis","0.0","6083000.0","0.0","0.0","0.0","0.0"
"Candidatus Woesebacteria bacterium GW2011_GWA1_39_21","Species","Bacteria","","Candidatus Woesebacteria","","","","","Candidatus Woesebacteria bacterium GW2011_GWA1_39_21","5067000.0","0.0","0.0","0.0","0.0","0.0"
"Clostridiales bacterium CHKCI006","Species","Bacteria","","Firmicutes","Clostridia","Clostridiales","","","Clostridiales bacterium CHKCI006","0.0","0.0","0.0","0.0","0.0","0.0"
"Vibrionaceae","Family","Bacteria","","Proteobacteria","Gammaproteobacteria","Vibrionales","Vibrionaceae","","","1.3155E7","2.2169E7","1.7808E7","1.1113E7","1.7363E7","1.0381E7"
"Coriobacteriaceae bacterium CHKCI002","Species","Bacteria","","Actinobacteria","Coriobacteriia","Coriobacteriales","Coriobacteriaceae","","Coriobacteriaceae bacterium CHKCI002","1.75954E7","1.83146E7","1.017827E8","0.0","1178600.0","0.0"
"Alistipes sp. CHKCI003","Species","Bacteria","","Bacteroidetes","Bacteroidia","Bacteroidales","Rikenellaceae","Alistipes","Alistipes sp. CHKCI003","9323200.0","9003700.0","5210300.0","0.0","0.0","0.0"
"Eubacteriaceae bacterium CHKCI004","Species","Bacteria","","Firmicutes","Clostridia","Clostridiales","Eubacteriaceae","","Eubacteriaceae bacterium CHKCI004","0.0","0.0","9790900.0","1.2265E7","0.0","0.0"
"Holdemanella","Genus","Bacteria","","Firmicutes","Erysipelotrichia","Erysipelotrichales","Erysipelotrichaceae","Holdemanella","","0.0","0.0","0.0","1.27638E7","1.68326E7","4250100.0"
"Candidatus Woesebacteria","Phylum","Bacteria","","Candidatus Woesebacteria","","","","","","5067000.0","0.0","0.0","0.0","0.0","0.0"
"Bifidobacterium","Genus","Bacteria","","Actinobacteria","Actinobacteria","Bifidobacteriales","Bifidobacteriaceae","Bifidobacterium","","5.188077E8","4.942648E8","4.678954E8","6.585615E8","5.889814E8","5.332926E8"
"Chlamydiia","Class","Bacteria","","Chlamydiae","Chlamydiia","","","","","1.1832E7","1.8057E7","1.4908E7","0.0","0.0","0.0"
"Chlamydiae","Phylum","Bacteria","","Chlamydiae","","","","","","1.1832E7","1.8057E7","1.4908E7","0.0","0.0","0.0"
"Fungi","Kingdom","Eukaryota","Fungi","","","","","","","5895500.0","1.02455E7","5384600.0","4.3625E7","1.4561E7","4.3209E7"
"Bifidobacterium adolescentis","Species","Bacteria","","Actinobacteria","Actinobacteria","Bifidobacteriales","Bifidobacteriaceae","Bifidobacterium","Bifidobacterium adolescentis","0.0","0.0","0.0","0.0","0.0","0.0"
"Photobacterium","Genus","Bacteria","","Proteobacteria","Gammaproteobacteria","Vibrionales","Vibrionaceae","Photobacterium","","1.3155E7","2.2169E7","1.7808E7","0.0","0.0","0.0"
"Vibrio","Genus","Bacteria","","Proteobacteria","Gammaproteobacteria","Vibrionales","Vibrionaceae","Vibrio","","0.0","0.0","0.0","1.1113E7","1.7363E7","1.0381E7"
"Dictyostelium","Genus","Eukaryota","","","","Dictyosteliida","","Dictyostelium","","5.5023E7","5.6232E7","0.0","1.9481E7","5.0621E7","0.0"
"Dictyostelium purpureum","Species","Eukaryota","","","","Dictyosteliida","","Dictyostelium","Dictyostelium purpureum","5.5023E7","5.6232E7","0.0","1.9481E7","5.0621E7","0.0"
"Vibrio brasiliensis","Species","Bacteria","","Proteobacteria","Gammaproteobacteria","Vibrionales","Vibrionaceae","Vibrio","Vibrio brasiliensis","0.0","0.0","0.0","1.1113E7","1.7363E7","1.0381E7"
"[Clostridium] cellulosi","Species","Bacteria","","Firmicutes","Clostridia","Clostridiales","Ruminococcaceae","Ruminiclostridium","[Clostridium] cellulosi","7244600.0","7113700.0","0.0","8461000.0","8620400.0","7571500.0"
"Apicomplexa","Phylum","Eukaryota","","Apicomplexa","","","","","","1.1901E7","1.2126E7","1.1417E7","1.4298E7","1.117E7","1.2928E7"
"Hirschia","Genus","Bacteria","","Proteobacteria","Alphaproteobacteria","Rhodobacterales","Hyphomonadaceae","Hirschia","","0.0","0.0","0.0","0.0","2.7878E7","3.3799E7"
"Rhodobacterales","Order","Bacteria","","Proteobacteria","Alphaproteobacteria","Rhodobacterales","","","","1.0581E7","1.2693E7","1.0198E7","0.0","3.73089E7","3.3799E7"
"Hirschia baltica","Species","Bacteria","","Proteobacteria","Alphaproteobacteria","Rhodobacterales","Hyphomonadaceae","Hirschia","Hirschia baltica","0.0","0.0","0.0","0.0","2.7878E7","3.3799E7"
"Streptophyta","Phylum","Eukaryota","Viridiplantae","Streptophyta","","","","","","1.4571E7","0.0","0.0","2.0357E7","2.4965E7","1.0896E7"
"Tissierellia","Class","Bacteria","","Firmicutes","Tissierellia","","","","","0.0","0.0","3.2693E8","0.0","5.84E7","9.1893E7"
"Tissierellales","Order","Bacteria","","Firmicutes","Tissierellia","Tissierellales","","","","0.0","0.0","3.2693E8","0.0","5.84E7","9.1893E7"
"Lachnoclostridium phytofermentans","Species","Bacteria","","Firmicutes","Clostridia","Clostridiales","Lachnospiraceae","Lachnoclostridium","Lachnoclostridium phytofermentans","0.0","0.0","1912200.0","1.0526E7","1.0595E7","1.1535E7"
"Bacteroides sp. 3_1_13","Species","Bacteria","","Bacteroidetes","Bacteroidia","Bacteroidales","Bacteroidaceae","Bacteroides","Bacteroides sp. 3_1_13","3.6944E7","3.6175E7","3.6277E7","0.0","0.0","0.0"
"Lachnospiraceae bacterium 3_1_57FAA_CT1","Species","Bacteria","","Firmicutes","Clostridia","Clostridiales","Lachnospiraceae","","Lachnospiraceae bacterium 3_1_57FAA_CT1","0.0","4.195E7","4.7207E7","4.47076E7","2.74757E7","4.58878E7"
"Cellulosilyticum lentocellum","Species","Bacteria","","Firmicutes","Clostridia","Clostridiales","Lachnospiraceae","Cellulosilyticum","Cellulosilyticum lentocellum","7.12424E7","7.20228E7","9.55837E7","9.40254E7","8.05431E7","8.49807E7"
"[Bacillus] selenitireducens","Species","Bacteria","","Firmicutes","Bacilli","Bacillales","Sporolactobacillaceae","","[Bacillus] selenitireducens","0.0","0.0","0.0","7155300.0","6227400.0","0.0"
"Collinsella aerofaciens","Species","Bacteria","","Actinobacteria","Coriobacteriia","Coriobacteriales","Coriobacteriaceae","Collinsella","Collinsella aerofaciens","1.1091262E9","1.20545791E9","1.068762E9","1.50693853E9","1.1581573E9","7.752902E8"
"Cyclobacterium","Genus","Bacteria","","Bacteroidetes","Cytophagia","Cytophagales","Cyclobacteriaceae","Cyclobacterium","","3.2384E7","5.4232E7","7.2905E7","0.0","1.3683E7","1.8667E7"
"Eubacterium","Genus","Bacteria","","Firmicutes","Clostridia","Clostridiales","Eubacteriaceae","Eubacterium","","2.1024203E9","1.9397593E9","2.0025935E9","3.9565976E9","3.4916703E9","3.862438E9"
"Ruminococcus sp. 5_1_39BFAA","Species","Bacteria","","Firmicutes","Clostridia","Clostridiales","Ruminococcaceae","Ruminococcus","Ruminococcus sp. 5_1_39BFAA","8822700.0","5264400.0","3.4832E7","6395200.0","4249100.0","0.0"
"Sutterellaceae","Family","Bacteria","","Proteobacteria","Betaproteobacteria","Burkholderiales","Sutterellaceae","","","1.532246E8","1.92665E8","1.646695E8","2.999296E8","4.103914E8","3.574435E8"
"Thermoanaerobacterales","Order","Bacteria","","Firmicutes","Clostridia","Thermoanaerobacterales","","","","6762200.0","0.0","8834400.0","0.0","5537400.0","0.0"
"Eukaryota","Superkingdom","Eukaryota","","","","","","","","2.194825E8","2.870976E8","1.620224E8","2.57685E8","3.176624E8","2.347522E8"
"Holdemanella biformis","Species","Bacteria","","Firmicutes","Erysipelotrichia","Erysipelotrichales","Erysipelotrichaceae","Holdemanella","Holdemanella biformis","0.0","0.0","0.0","1.27638E7","1.68326E7","4250100.0"
"Ruminococcus champanellensis","Species","Bacteria","","Firmicutes","Clostridia","Clostridiales","Ruminococcaceae","Ruminococcus","Ruminococcus champanellensis","2.7395E7","2.9824E7","1.937E7","1.6908E7","1.9574E7","2.1452E7"
"Pasteurellaceae","Family","Bacteria","","Proteobacteria","Gammaproteobacteria","Pasteurellales","Pasteurellaceae","","","0.0","0.0","1.2957E7","1.68189E8","0.0","0.0"
"Tenericutes","Phylum","Bacteria","","Tenericutes","","","","","","1.3929E7","0.0","1.9432E7","0.0","0.0","0.0"
"Veillonella seminalis","Species","Bacteria","","Firmicutes","Negativicutes","Veillonellales","Veillonellaceae","Veillonella","Veillonella seminalis","1434400.0","2767000.0","6761400.0","1545600.0","1.838E7","1.3555E7"
"Holosporaceae","Family","Bacteria","","Proteobacteria","Alphaproteobacteria","Holosporales","Holosporaceae","","","2.2021E7","1.6827E7","0.0","5.694E7","1.1314E8","4.4243E7"
"Holospora","Genus","Bacteria","","Proteobacteria","Alphaproteobacteria","Holosporales","Holosporaceae","Holospora","","2.2021E7","1.6827E7","0.0","5.694E7","1.1314E8","4.4243E7"
"Dactylococcopsis salina","Species","Bacteria","","Cyanobacteria","","Synechococcales","Synechococcaceae","Dactylococcopsis","Dactylococcopsis salina","0.0","0.0","0.0","0.0","3.4158E7","2.6104E7"
"Collinsella","Genus","Bacteria","","Actinobacteria","Coriobacteriia","Coriobacteriales","Coriobacteriaceae","Collinsella","","1.69777956E10","2.002556731E10","1.73423429E10","1.977629437E10","2.00915906E10","2.04833474E10"
"Shimia","Genus","Bacteria","","Proteobacteria","Alphaproteobacteria","Rhodobacterales","Rhodobacteraceae","Shimia","","1.0581E7","1.2693E7","1.0198E7","0.0","9430900.0","0.0"
"Actinobacteria","Class","Bacteria","","Actinobacteria","Actinobacteria","","","","","8.504445E8","8.814356E8","8.406873E8","1.1077064E9","1.0177472E9","9.843563E8"
"Photobacterium aquae","Species","Bacteria","","Proteobacteria","Gammaproteobacteria","Vibrionales","Vibrionaceae","Photobacterium","Photobacterium aquae","1.3155E7","2.2169E7","1.7808E7","0.0","0.0","0.0"
"Aggregatibacter segnis","Species","Bacteria","","Proteobacteria","Gammaproteobacteria","Pasteurellales","Pasteurellaceae","Aggregatibacter","Aggregatibacter segnis","0.0","0.0","1.2957E7","0.0","0.0","0.0"
"Campylobacter hominis","Species","Bacteria","","Proteobacteria","Epsilonproteobacteria","Campylobacterales","Campylobacteraceae","Campylobacter","Campylobacter hominis","4817900.0","1.077E7","0.0","0.0","0.0","0.0"
"Anoxybacillus","Genus","Bacteria","","Firmicutes","Bacilli","Bacillales","Bacillaceae","Anoxybacillus","","5.97E7","7.1853E7","4.5155E7","2.4185E7","2.0801E7","3.3431E7"
"Verrucomicrobiae","Class","Bacteria","","Verrucomicrobia","Verrucomicrobiae","","","","","3.3207E7","2.5532E7","3.6655E7","9685400.0","9440100.0","1.1605E7"
"Bacteroides massiliensis","Species","Bacteria","","Bacteroidetes","Bacteroidia","Bacteroidales","Bacteroidaceae","Bacteroides","Bacteroides massiliensis","6.83445775E9","6.39109821E9","6.7642091E9","2.4238096E9","2.41429649E9","2.87417056E9"
"Dietzia sp. UCD-THP","Species","Bacteria","","Actinobacteria","Actinobacteria","Corynebacteriales","Dietziaceae","Dietzia","Dietzia sp. UCD-THP","2.6285E7","2.4125E7","2.8789E7","3.282E7","2.6767E7","2.9678E7"
"Dactylococcopsis","Genus","Bacteria","","Cyanobacteria","","Synechococcales","Synechococcaceae","Dactylococcopsis","","0.0","0.0","0.0","0.0","3.4158E7","2.6104E7"
"Theileria","Genus","Eukaryota","","Apicomplexa","Aconoidasida","","Theileriidae","Theileria","","1.1901E7","1.2126E7","1.1417E7","1.4298E7","1.117E7","1.2928E7"
"Holdemania","Genus","Bacteria","","Firmicutes","Erysipelotrichia","Erysipelotrichales","Erysipelotrichaceae","Holdemania","","0.0","0.0","0.0","1.26497E7","4195700.0","4539400.0"
"Holdemania filiformis","Species","Bacteria","","Firmicutes","Erysipelotrichia","Erysipelotrichales","Erysipelotrichaceae","Holdemania","Holdemania filiformis","0.0","0.0","0.0","1.26497E7","4195700.0","4539400.0"
"Oribacterium","Genus","Bacteria","","Firmicutes","Clostridia","Clostridiales","Lachnospiraceae","Oribacterium","","2.84284E7","4.37856E7","3.26152E7","1.87138E7","4685400.0","2.6855E7"
"Shimia marina","Species","Bacteria","","Proteobacteria","Alphaproteobacteria","Rhodobacterales","Rhodobacteraceae","Shimia","Shimia marina","1.0581E7","1.2693E7","1.0198E7","0.0","9430900.0","0.0"
"Rickettsiales","Order","Bacteria","","Proteobacteria","Alphaproteobacteria","Rickettsiales","","","","2967100.0","0.0","3909300.0","1.5689E7","1.5023E7","1.6656E7"
"Parasutterella excrementihominis","Species","Bacteria","","Proteobacteria","Betaproteobacteria","Burkholderiales","Sutterellaceae","Parasutterella","Parasutterella excrementihominis","8.7877E7","1.07511E8","8.66755E7","1.781052E8","3.25531E8","2.321436E8"
"Collinsella stercoris","Species","Bacteria","","Actinobacteria","Coriobacteriia","Coriobacteriales","Coriobacteriaceae","Collinsella","Collinsella stercoris","5.2399E7","4.8938E7","5.242E7","3.2843E7","3.5339E7","0.0"
"Collinsella intestinalis","Species","Bacteria","","Actinobacteria","Coriobacteriia","Coriobacteriales","Coriobacteriaceae","Collinsella","Collinsella intestinalis","1.23007E7","9090100.0","1.8905E7","1.44403E7","1.38545E7","1.0768E7"
"Solobacterium moorei","Species","Bacteria","","Firmicutes","Erysipelotrichia","Erysipelotrichales","Erysipelotrichaceae","Solobacterium","Solobacterium moorei","3.1087E7","608820.0","0.0","5.18516E7","5.0508E7","2.9436E7"
"Rickettsiaceae","Family","Bacteria","","Proteobacteria","Alphaproteobacteria","Rickettsiales","Rickettsiaceae","","","2967100.0","0.0","3909300.0","1.5689E7","1.5023E7","1.6656E7"
"Rickettsia","Genus","Bacteria","","Proteobacteria","Alphaproteobacteria","Rickettsiales","Rickettsiaceae","Rickettsia","","2967100.0","0.0","3909300.0","1.5689E7","1.5023E7","1.6656E7"
"Faecalibacterium","Genus","Bacteria","","Firmicutes","Clostridia","Clostridiales","Ruminococcaceae","Faecalibacterium","","7.06947009E9","6.93833667E9","6.330463E9","8.38544325E9","8.29163587E9","8.9589644E9"
"Aconoidasida","Class","Eukaryota","","Apicomplexa","Aconoidasida","","","","","1.1901E7","1.2126E7","1.1417E7","1.4298E7","1.117E7","1.2928E7"
"Bacillariophyta","Phylum","Eukaryota","","Bacillariophyta","","","","","","3.804E7","4.1594E7","3.3757E7","4.1237E7","4.4349E7","4.1938E7"
"Paraprevotella","Genus","Bacteria","","Bacteroidetes","Bacteroidia","Bacteroidales","Prevotellaceae","Paraprevotella","","2.113249E8","2.286104E8","1.815453E8","5.61375E7","3.8342E7","4.2628E7"
"Parasutterella","Genus","Bacteria","","Proteobacteria","Betaproteobacteria","Burkholderiales","Sutterellaceae","Parasutterella","","1.532246E8","1.71653E8","1.646695E8","2.891726E8","4.103914E8","3.574435E8"
"Bacteroides reticulotermitis","Species","Bacteria","","Bacteroidetes","Bacteroidia","Bacteroidales","Bacteroidaceae","Bacteroides","Bacteroides reticulotermitis","3.5894E7","4.1427E7","3.9235E7","2.5732E7","1.8425E7","1.992E7"
"Criblamydiaceae","Family","Bacteria","","Chlamydiae","Chlamydiia","Chlamydiales","Criblamydiaceae","","","1.1832E7","1.8057E7","1.4908E7","0.0","0.0","0.0"
"Eggerthella sp. (strain YY7918)","Species","Bacteria","","Actinobacteria","Coriobacteriia","Eggerthellales","Eggerthellaceae","Eggerthella","Eggerthella sp. (strain YY7918)","3.1336E7","3.4599E7","2.80098E7","1.3905E7","0.0","0.0"
"Veillonella","Genus","Bacteria","","Firmicutes","Negativicutes","Veillonellales","Veillonellaceae","Veillonella","","3.51246E7","3.89783E7","4.21363E7","1.77976E7","3.20303E7","3.33118E7"
"Veillonella parvula","Species","Bacteria","","Firmicutes","Negativicutes","Veillonellales","Veillonellaceae","Veillonella","Veillonella parvula","0.0","0.0","0.0","0.0","4966000.0","4536800.0"
"Butyrivibrio crossotus","Species","Bacteria","","Firmicutes","Clostridia","Clostridiales","Lachnospiraceae","Butyrivibrio","Butyrivibrio crossotus","0.0","2276000.0","4456700.0","2456900.0","0.0","0.0"
"Subdoligranulum","Genus","Bacteria","","Firmicutes","Clostridia","Clostridiales","Ruminococcaceae","Subdoligranulum","","1.8504548E9","1.9399607E9","1.7032928E9","1.15921246E9","1.44394583E9","1.4231553E9"
"Prevotella sp. oral taxon 473","Species","Bacteria","","Bacteroidetes","Bacteroidia","Bacteroidales","Prevotellaceae","Alloprevotella","Prevotella sp. oral taxon 473","0.0","0.0","0.0","0.0","0.0","0.0"
"Aneurinibacillus sp. XH2","Species","Bacteria","","Firmicutes","Bacilli","Bacillales","Paenibacillaceae","Aneurinibacillus","Aneurinibacillus sp. XH2","1.8813E7","1.7639E7","7291300.0","0.0","0.0","1.139E7"
"Pelosinus fermentans","Species","Bacteria","","Firmicutes","Negativicutes","Selenomonadales","Sporomusaceae","Pelosinus","Pelosinus fermentans","8872500.0","0.0","7033000.0","6220900.0","8189300.0","6811400.0"
"Pelosinus","Genus","Bacteria","","Firmicutes","Negativicutes","Selenomonadales","Sporomusaceae","Pelosinus","","8872500.0","0.0","7033000.0","6220900.0","8189300.0","6811400.0"
"Clostridiales bacterium oral taxon 876","Species","Bacteria","","Firmicutes","Clostridia","Clostridiales","","","Clostridiales bacterium oral taxon 876","1.762E7","5984500.0","0.0","0.0","3059100.0","0.0"
"Olsenella","Genus","Bacteria","","Actinobacteria","Coriobacteriia","Coriobacteriales","Atopobiaceae","Olsenella","","0.0","0.0","0.0","0.0","6436700.0","8729000.0"
"Anaerofustis","Genus","Bacteria","","Firmicutes","Clostridia","Clostridiales","Eubacteriaceae","Anaerofustis","","1.2253E7","9642000.0","1.5295E7","4645900.0","0.0","6204400.0"
"Aneurinibacillus","Genus","Bacteria","","Firmicutes","Bacilli","Bacillales","Paenibacillaceae","Aneurinibacillus","","1.8813E7","1.7639E7","7291300.0","0.0","0.0","1.139E7"
"Hafniaceae","Family","Bacteria","","Proteobacteria","Gammaproteobacteria","Enterobacterales","Hafniaceae","","","0.0","0.0","0.0","1.09281E7","9197700.0","0.0"
"Hungatella","Genus","Bacteria","","Firmicutes","Clostridia","Clostridiales","Clostridiaceae","Hungatella","","0.0","0.0","0.0","2.5886E7","2.7971E7","0.0"
"Morganellaceae","Family","Bacteria","","Proteobacteria","Gammaproteobacteria","Enterobacterales","Morganellaceae","","","0.0","0.0","1.1111E7","0.0","0.0","0.0"
"Bacteroidaceae","Family","Bacteria","","Bacteroidetes","Bacteroidia","Bacteroidales","Bacteroidaceae","","","4.321604935E10","4.256700024E10","4.125160322E10","9.32975972E9","9.76680827E9","1.021374336E10"
"Bacteroides","Genus","Bacteria","","Bacteroidetes","Bacteroidia","Bacteroidales","Bacteroidaceae","Bacteroides","","4.321604935E10","4.256700024E10","4.125160322E10","9.32975972E9","9.76680827E9","1.021374336E10"
"Bacteroides fragilis","Species","Bacteria","","Bacteroidetes","Bacteroidia","Bacteroidales","Bacteroidaceae","Bacteroides","Bacteroides fragilis","2.2967E7","3.325E7","1.7383E7","1.5924E7","1.2995E7","0.0"
"Bacteroides thetaiotaomicron","Species","Bacteria","","Bacteroidetes","Bacteroidia","Bacteroidales","Bacteroidaceae","Bacteroides","Bacteroides thetaiotaomicron","2.1987923E9","1.9848464E9","2.0308827E9","1.92969E7","2.56271E7","2.7699E7"
"Succinivibrionaceae","Family","Bacteria","","Proteobacteria","Gammaproteobacteria","Aeromonadales","Succinivibrionaceae","","","1.73356E8","1.741465E8","1.703597E8","1.374095E8","1.291934E8","1.605483E8"
"Odoribacteraceae","Family","Bacteria","","Bacteroidetes","Bacteroidia","Bacteroidales","Odoribacteraceae","","","3.14205E7","3.88925E7","4.20022E7","7671700.0","9535000.0","0.0"
"Bacteroides vulgatus","Species","Bacteria","","Bacteroidetes","Bacteroidia","Bacteroidales","Bacteroidaceae","Bacteroides","Bacteroides vulgatus","6.248432E8","6.336716E8","6.214277E8","4.38697E7","3.22335E7","3.62617E7"
"Robinsoniella","Genus","Bacteria","","Firmicutes","Clostridia","Clostridiales","Lachnospiraceae","Robinsoniella","","6327000.0","4771100.0","4166800.0","4266300.0","0.0","0.0"
"Parabacteroides distasonis","Species","Bacteria","","Bacteroidetes","Bacteroidia","Bacteroidales","Porphyromonadaceae","Parabacteroides","Parabacteroides distasonis","3.217848E8","3.667604E8","3.002756E8","5.04903E7","6.4768E7","7.12819E7"
"Bacteroides salyersiae","Species","Bacteria","","Bacteroidetes","Bacteroidia","Bacteroidales","Bacteroidaceae","Bacteroides","Bacteroides salyersiae","1.1253E7","1.636E7","1.3319E7","0.0","0.0","0.0"
"Marinobacterium sp. AK27","Species","Bacteria","","Proteobacteria","Gammaproteobacteria","Oceanospirillales","Oceanospirillaceae","Marinobacterium","Marinobacterium sp. AK27","4082800.0","0.0","0.0","0.0","0.0","0.0"
"Erysipelotrichaceae","Family","Bacteria","","Firmicutes","Erysipelotrichia","Erysipelotrichales","Erysipelotrichaceae","","","1.917052E8","1.7021462E8","1.305897E8","2.660608E8","3.481446E8","2.597401E8"
"Formicidae","Family","Eukaryota","Metazoa","Arthropoda","Insecta","Hymenoptera","Formicidae","","","1.0369E7","9036000.0","1.0415E7","1.9037E7","1.8631E7","1.2949E7"
"Butyrivibrio","Genus","Bacteria","","Firmicutes","Clostridia","Clostridiales","Lachnospiraceae","Butyrivibrio","","1.2871E7","1.79969E7","2.34387E7","2.1927E7","1.42728E7","1.50594E7"
"Butyrivibrio fibrisolvens","Species","Bacteria","","Firmicutes","Clostridia","Clostridiales","Lachnospiraceae","Butyrivibrio","Butyrivibrio fibrisolvens","1.2871E7","1.57209E7","1.8982E7","1.94701E7","1.42728E7","1.50594E7"
"Subdoligranulum variabile","Species","Bacteria","","Firmicutes","Clostridia","Clostridiales","Ruminococcaceae","Subdoligranulum","Subdoligranulum variabile","1.8504548E9","1.8537637E9","1.6587328E9","1.15921246E9","1.44394583E9","1.3821113E9"
"Lachnospiraceae bacterium M18-1","Species","Bacteria","","Firmicutes","Clostridia","Clostridiales","Lachnospiraceae","","Lachnospiraceae bacterium M18-1","2.7195E7","0.0","1.1143E7","0.0","0.0","7446400.0"
"Porphyromonas","Genus","Bacteria","","Bacteroidetes","Bacteroidia","Bacteroidales","Porphyromonadaceae","Porphyromonas","","5.874759E8","6.50656E8","7.365847E8","3.47623E8","2.957805E8","3.854636E8"
"Butyricicoccus pullicaecorum","Species","Bacteria","","Firmicutes","Clostridia","Clostridiales","Clostridiaceae","Butyricicoccus","Butyricicoccus pullicaecorum","1.96097E7","1.89742E7","1.5026E7","1.1246E7","1.94044E7","2.32621E7"
"Turicibacter","Genus","Bacteria","","Firmicutes","Erysipelotrichia","Erysipelotrichales","Erysipelotrichaceae","Turicibacter","","7.2418E7","7.7834E7","6.5184E7","1.0532E8","1.6568E8","1.0556E8"
"Prevotella","Genus","Bacteria","","Bacteroidetes","Bacteroidia","Bacteroidales","Prevotellaceae","Prevotella","","6.950281E8","7.373574E8","5.939657E8","2.614033E8","1.970921E8","1.889867E8"
"Anaerofustis stercorihominis","Species","Bacteria","","Firmicutes","Clostridia","Clostridiales","Eubacteriaceae","Anaerofustis","Anaerofustis stercorihominis","1.2253E7","9642000.0","1.5295E7","4645900.0","0.0","6204400.0"
"candidate division WOR_1 bacterium DG_54_3","Species","Bacteria","","","","","","","candidate division WOR_1 bacterium DG_54_3","4.0936E7","3.3238E7","4.8772E7","4.3577E7","2.5581E7","4.3915E7"
"Oscillibacter sp. 1-3","Species","Bacteria","","Firmicutes","Clostridia","Clostridiales","Oscillospiraceae","Oscillibacter","Oscillibacter sp. 1-3","7.27259E7","7.95562E7","6.20422E7","1.59876E7","3.16692E7","1.05064E7"
"Roseburia","Genus","Bacteria","","Firmicutes","Clostridia","Clostridiales","Lachnospiraceae","Roseburia","","1.031920268E10","1.010761715E10","1.049771899E10","1.953524137E10","2.32696369E10","2.006694078E10"
"Alistipes finegoldii","Species","Bacteria","","Bacteroidetes","Bacteroidia","Bacteroidales","Rikenellaceae","Alistipes","Alistipes finegoldii","1.2469E7","9913100.0","5088100.0","8282600.0","8488900.0","1.5342E7"
"Planctopirus","Genus","Bacteria","","Planctomycetes","Planctomycetia","Planctomycetales","Planctomycetaceae","Planctopirus","","1831300.0","0.0","0.0","0.0","0.0","1.8974E7"
"Pseudopedobacter","Genus","Bacteria","","Bacteroidetes","Sphingobacteriia","Sphingobacteriales","Sphingobacteriaceae","Pseudopedobacter","","0.0","0.0","6.0571E7","0.0","0.0","1.5119E7"
"Faecalibacterium prausnitzii","Species","Bacteria","","Firmicutes","Clostridia","Clostridiales","Ruminococcaceae","Faecalibacterium","Faecalibacterium prausnitzii","6.52424229E9","6.45724617E9","5.8628286E9","7.77850145E9","7.52161441E9","8.3943393E9"
"Clostridium sp. M62/1","Species","Bacteria","","Firmicutes","Clostridia","Clostridiales","Clostridiaceae","Clostridium","Clostridium sp. M62/1","1080600.0","6446600.0","7244400.0","6797500.0","3967600.0","0.0"
"Campylobacterales","Order","Bacteria","","Proteobacteria","Epsilonproteobacteria","Campylobacterales","","","","5.46309E7","6.3994E7","3.9214E7","3.8572E7","5.6536E7","4.5603E7"
"Streptomyces","Genus","Bacteria","","Actinobacteria","Actinobacteria","Streptomycetales","Streptomycetaceae","Streptomyces","","5.1659E7","5.2552E7","6.6742E7","4.0023E7","3.9946E7","1.0842E8"
"Epsilonproteobacteria","Class","Bacteria","","Proteobacteria","Epsilonproteobacteria","","","","","5.46309E7","6.3994E7","3.9214E7","3.8572E7","5.6536E7","4.5603E7"
"Firmicutes bacterium ASF500","Species","Bacteria","","Firmicutes","","","","","Firmicutes bacterium ASF500","3.49105E7","3.36391E7","4.34405E7","1.02747E8","7.493E7","7.0902E7"
"Oscillibacter valericigenes","Species","Bacteria","","Firmicutes","Clostridia","Clostridiales","Oscillospiraceae","Oscillibacter","Oscillibacter valericigenes","1.799072E8","1.353112E8","8.53644E7","7.95964E7","1.023771E8","6.33413E7"
"Petrotoga mobilis","Species","Bacteria","","Thermotogae","Thermotogae","Petrotogales","","Petrotoga","Petrotoga mobilis","1.3291E7","0.0","0.0","0.0","0.0","0.0"
"Phycisphaerae","Class","Bacteria","","Planctomycetes","Phycisphaerae","","","","","1.2176E8","1.3737E8","9.7148E7","6.4067E7","5.9404E7","8.4276E7"
"Thaumarchaeota","Phylum","Archaea","","Thaumarchaeota","","","","","","1.7043E8","1.4847E8","1.3188E8","1.7451E8","1.922E8","2.0815E8"
"Acidaminococcus","Genus","Bacteria","","Firmicutes","Negativicutes","Acidaminococcales","Acidaminococcaceae","Acidaminococcus","","1.2678E7","1.3487E7","7837200.0","0.0","0.0","5292600.0"
"Acidaminococcus fermentans","Species","Bacteria","","Firmicutes","Negativicutes","Acidaminococcales","Acidaminococcaceae","Acidaminococcus","Acidaminococcus fermentans","1.2678E7","1.3487E7","7837200.0","0.0","0.0","5292600.0"
"Megasphaera","Genus","Bacteria","","Firmicutes","Negativicutes","Veillonellales","Veillonellaceae","Megasphaera","","1.42527E7","1.31911E7","1.10462E7","4895600.0","3585100.0","0.0"
"Dorea","Genus","Bacteria","","Firmicutes","Clostridia","Clostridiales","Lachnospiraceae","Dorea","","9.747011E8","6.710474E8","1.23858843E9","1.8948765E9","1.2717289E9","1.32988E9"
"Anaerococcus","Genus","Bacteria","","Firmicutes","Tissierellia","Tissierellales","Peptoniphilaceae","Anaerococcus","","0.0","0.0","3.2693E8","0.0","5.84E7","9.1893E7"
"Streptomyces viridochromogenes","Species","Bacteria","","Actinobacteria","Actinobacteria","Streptomycetales","Streptomycetaceae","Streptomyces","Streptomyces viridochromogenes","5.1659E7","5.2552E7","4.9415E7","4.0023E7","3.9946E7","1.0842E8"
"Clostridiales bacterium S5-A14a","Species","Bacteria","","Firmicutes","Clostridia","Clostridiales","Clostridiales Family XIII. Incertae Sedis","","Clostridiales bacterium S5-A14a","5797000.0","4987700.0","8220700.0","0.0","0.0","0.0"
"Planctomycetia","Class","Bacteria","","Planctomycetes","Planctomycetia","","","","","1831300.0","8.7016E7","0.0","4.5036E7","3.238E7","7.141E7"
"Planctomycetes","Phylum","Bacteria","","Planctomycetes","","","","","","1.235913E8","2.24386E8","9.7148E7","1.09103E8","9.1784E7","1.55686E8"
"Poales","Order","Eukaryota","Viridiplantae","Streptophyta","Liliopsida","Poales","","","","1.4571E7","0.0","0.0","2.0357E7","2.4965E7","1.0896E7"
"Spirochaetes","Phylum","Bacteria","","Spirochaetes","","","","","","2.12089E7","2.33445E7","3.13659E7","2.2248E7","1.3162E7","1.6667E7"
"Marvinbryantia","Genus","Bacteria","","Firmicutes","Clostridia","Clostridiales","Lachnospiraceae","Marvinbryantia","","2.6783E7","2.7419E7","2.9161E7","1.198E7","1.492E7","8188200.0"
"Spirochaetia","Class","Bacteria","","Spirochaetes","Spirochaetia","","","","","2.12089E7","2.33445E7","3.13659E7","2.2248E7","1.3162E7","1.6667E7"
"Bacilli","Class","Bacteria","","Firmicutes","Bacilli","","","","","3.598733E8","3.095084E8","2.584597E8","4.811513E8","1.0739791E9","5.63233E8"
"Cnidaria","Phylum","Eukaryota","Metazoa","Cnidaria","","","","","","8895300.0","8233500.0","8566800.0","0.0","0.0","0.0"
"Leuconostocaceae","Family","Bacteria","","Firmicutes","Bacilli","Lactobacillales","Leuconostocaceae","","","5.0924E7","5.1725E7","4.8412E7","6.359E7","4.7224E7","7.3978E7"
"Bacteroidia","Class","Bacteria","","Bacteroidetes","Bacteroidia","","","","","5.639615619E10","5.482709446E10","5.321008827E10","1.340293072E10","1.301689483E10","1.506474922E10"
"Flavonifractor plautii","Species","Bacteria","","Firmicutes","Clostridia","Clostridiales","","Flavonifractor","Flavonifractor plautii","2.06519E7","2.68876E7","2.31192E7","3.63042E7","2.93999E7","2.34928E7"
"Flavobacteriales","Order","Bacteria","","Bacteroidetes","Flavobacteriia","Flavobacteriales","","","","0.0","0.0","0.0","0.0","0.0","1.698E7"
"Burkholderiales","Order","Bacteria","","Proteobacteria","Betaproteobacteria","Burkholderiales","","","","1.75109423E9","1.62092674E9","1.6016046E9","3.8720583E9","3.8504335E9","3.8023884E9"
"Marinobacterium","Genus","Bacteria","","Proteobacteria","Gammaproteobacteria","Oceanospirillales","Oceanospirillaceae","Marinobacterium","","4082800.0","0.0","0.0","0.0","0.0","0.0"
"Bacteroidetes","Phylum","Bacteria","","Bacteroidetes","","","","","","6.008525479E10","5.803964576E10","5.648259117E10","1.435847512E10","1.396846183E10","1.619444952E10"
"Anthozoa","Class","Eukaryota","Metazoa","Cnidaria","Anthozoa","","","","","8895300.0","8233500.0","8566800.0","0.0","0.0","0.0"
"Actiniaria","Order","Eukaryota","Metazoa","Cnidaria","Anthozoa","Actiniaria","","","","8895300.0","8233500.0","8566800.0","0.0","0.0","0.0"
"Sphingobacteriales","Order","Bacteria","","Bacteroidetes","Sphingobacteriia","Sphingobacteriales","","","","0.0","0.0","6.0571E7","0.0","0.0","1.5119E7"
"Catonella","Genus","Bacteria","","Firmicutes","Clostridia","Clostridiales","Lachnospiraceae","Catonella","","4.2401E7","4.77883E7","4.0119E7","3.0442E7","2.6117E7","3.6792E7"
"Catonella morbi","Species","Bacteria","","Firmicutes","Clostridia","Clostridiales","Lachnospiraceae","Catonella","Catonella morbi","4.2401E7","4.77883E7","4.0119E7","3.0442E7","2.6117E7","3.6792E7"
"Bacteroides salanitronis","Species","Bacteria","","Bacteroidetes","Bacteroidia","Bacteroidales","Bacteroidaceae","Bacteroides","Bacteroides salanitronis","7543200.0","9227000.0","7957100.0","0.0","0.0","1.094E7"
"Agaricomycetes","Class","Eukaryota","Fungi","Basidiomycota","Agaricomycetes","","","","","5895500.0","8332000.0","5384600.0","3.2015E7","0.0","3.5437E7"
"Clostridium celatum","Species","Bacteria","","Firmicutes","Clostridia","Clostridiales","Clostridiaceae","Clostridium","Clostridium celatum","0.0","0.0","0.0","3370300.0","0.0","0.0"
"Tremellomycetes","Class","Eukaryota","Fungi","Basidiomycota","Tremellomycetes","","","","","0.0","1913500.0","0.0","1.161E7","1.4561E7","7772000.0"
"Camponotus floridanus","Species","Eukaryota","Metazoa","Arthropoda","Insecta","Hymenoptera","Formicidae","Camponotus","Camponotus floridanus","1.0369E7","9036000.0","1.0415E7","1.9037E7","1.8631E7","1.2949E7"
"Eubacterium plexicaudatum","Species","Bacteria","","Firmicutes","Clostridia","Clostridiales","Eubacteriaceae","Eubacterium","Eubacterium plexicaudatum","1.1251E7","1.2117E7","1.5168E7","2.3149E7","9.86E7","1.9088E7"
"Eggerthella sp. HGA1","Species","Bacteria","","Actinobacteria","Coriobacteriia","Eggerthellales","Eggerthellaceae","Eggerthella","Eggerthella sp. HGA1","9831600.0","3630200.0","1233100.0","0.0","0.0","0.0"
"Lachnospiraceae bacterium 3-1","Species","Bacteria","","Firmicutes","Clostridia","Clostridiales","Lachnospiraceae","","Lachnospiraceae bacterium 3-1","6.4378E7","6.2362E7","5.1897E7","2.054E7","1.859E7","2.8158E7"
"Flavobacteriia","Class","Bacteria","","Bacteroidetes","Flavobacteriia","","","","","0.0","0.0","0.0","0.0","0.0","1.698E7"
"Sphingobacteriia","Class","Bacteria","","Bacteroidetes","Sphingobacteriia","","","","","0.0","0.0","6.0571E7","0.0","0.0","1.5119E7"
"Acetivibrio","Genus","Bacteria","","Firmicutes","Clostridia","Clostridiales","Ruminococcaceae","Acetivibrio","","7612100.0","1.154E7","7622100.0","0.0","0.0","0.0"
"Desulfitobacterium","Genus","Bacteria","","Firmicutes","Clostridia","Clostridiales","Peptococcaceae","Desulfitobacterium","","0.0","9953200.0","1.5903E7","8109600.0","8163500.0","1.1502E7"
"Holosporales","Order","Bacteria","","Proteobacteria","Alphaproteobacteria","Holosporales","","","","2.2021E7","1.6827E7","0.0","5.694E7","1.1314E8","4.4243E7"
"Bilophila","Genus","Bacteria","","Proteobacteria","Deltaproteobacteria","Desulfovibrionales","Desulfovibrionaceae","Bilophila","","7.38444E7","6.67634E7","7.59581E7","1.187221E8","1.240528E8","9.61524E7"
"Bilophila wadsworthia","Species","Bacteria","","Proteobacteria","Deltaproteobacteria","Desulfovibrionales","Desulfovibrionaceae","Bilophila","Bilophila wadsworthia","1864000.0","0.0","9280100.0","7327500.0","5802500.0","0.0"
"Butyricicoccus","Genus","Bacteria","","Firmicutes","Clostridia","Clostridiales","Clostridiaceae","Butyricicoccus","","1.210202E8","9.96875E7","9.76889E7","1.001136E8","8.61632E7","9.44061E7"
